问题id,问题,SQL,资料,FA
*,我想知道木叶村火影优选混合基金，在2018年半年度报告中，前10大重仓股中，有多少只股票在报告期内取得正收益。,"SELECT COUNT(DISTINCT t0.[股票代码])
FROM 基金股票持仓明细 t0
JOIN(
SELECT t3.[股票代码], ([期末价]/[期初价] - 1)*100 AS 当期涨跌幅
FROM (
SELECT t1.[股票代码],t1.[收盘价(元)] AS [期末价],t1.[交易日]
FROM (SELECT * FROM A股票日行情表
UNION SELECT * FROM 港股票日行情表) t1
JOIN(
SELECT MAX(t2.[交易日]) AS 最后一天
FROM A股票日行情表 t2
WHERE t2.[交易日] >= '20180101'
AND t2.[交易日] <= '20180630' )
WHERE t1.[交易日] = 最后一天) t3
JOIN(
SELECT t1.[股票代码],t1.[昨收盘(元)] AS [期初价],t1.[交易日]
FROM (SELECT * FROM A股票日行情表
UNION SELECT * FROM 港股票日行情表) t1
JOIN(
SELECT MIN(t2.[交易日]) AS 第一天
FROM A股票日行情表 t2
WHERE t2.[交易日] >= '20180101'
AND t2.[交易日] <= '20180630' )
WHERE t1.[交易日] = 第一天) t4 
ON t3.[股票代码] = t4.[股票代码]) t1 ON t0.[股票代码] = t1.[股票代码]
WHERE t0.[基金简称] = '木叶村火影优选混合' 
AND t1.[当期涨跌幅] > 0
AND t0.[第N大重仓股] <= '10'
AND t0.[持仓日期] = '20180630';","[(8,)]",在2018年半年度报告中，木叶村火影优选混合基金的前10大重仓股中有8只股票在报告期内取得正收益。
*,"请帮我查询下在2018年, 比奇堡基金管理有限责任公司管理的债券型基金中，持有过火影精选债券的基金有多少只？","SELECT COUNT(DISTINCT t1.[基金简称])
FROM 基金债券持仓明细 t1
JOIN 基金基本信息 t2 ON t1.[基金代码] = t2.[基金代码]
WHERE t2.[管理人] = '比奇堡基金管理有限责任公司' 
AND t1.[持仓日期] <= '20181231'
AND t1.[持仓日期] >= '20180101'
AND t1.[债券类型] = '火影精选债券';","[(4,)]",在2018年， 比奇堡基金管理有限责任公司管理的债券型基金中，持有过火影精选债券的基金有4只。
*,请问2018年一季度有多少家基金是净申购?它们的净申购份额加起来是多少?请四舍五入保留小数点四位。,"SELECT COUNT(DISTINCT t1.[基金代码]), ROUND(SUM(t1.[报告期期末基金总份额] - t1.[报告期期初基金总份额]),4)
FROM 基金规模变动表 t1
WHERE t1.[截止日期] = '2018-03-31 00:00:00'
AND t1.[报告期期末基金总份额] > t1.[报告期期初基金总份额];","[(1259, 246417046941.5713)]",2018年一季度有1259家基金是净申购，它们的净申购份额加起来是246417046941.5713份。
*,"我想了解黄金舰队驱动ETF基金,在2021年四季度的季报第3大重股。该持仓股票当个季度的涨跌幅?请四舍五入保留百分比到小数点两位。","SELECT t0.[股票代码],t0.[股票名称], 当期涨跌幅
FROM 基金股票持仓明细 t0
JOIN(
SELECT t3.[股票代码], ([期末价]/[期初价] - 1)*100 AS 当期涨跌幅
FROM (
SELECT t1.[股票代码],t1.[收盘价(元)] AS [期末价],t1.[交易日]
FROM (SELECT * FROM A股票日行情表
UNION SELECT * FROM 港股票日行情表) t1
JOIN(
SELECT MAX(t2.[交易日]) AS 最后一天
FROM A股票日行情表 t2
WHERE t2.[交易日] >= '20211001'
AND t2.[交易日] <= '20211231' )
WHERE t1.[交易日] = 最后一天) t3
JOIN(
SELECT t1.[股票代码],t1.[昨收盘(元)] AS [期初价],t1.[交易日]
FROM (SELECT * FROM A股票日行情表
UNION SELECT * FROM 港股票日行情表) t1
JOIN(
SELECT MIN(t2.[交易日]) AS 第一天
FROM A股票日行情表 t2
WHERE t2.[交易日] >= '20211001'
AND t2.[交易日] <= '20211231' )
WHERE t1.[交易日] = 第一天) t4 
ON t3.[股票代码] = t4.[股票代码]) t1 ON t0.[股票代码] = t1.[股票代码]
WHERE t0.[基金简称] = '黄金舰队驱动ETF' 
AND t0.[第N大重仓股] = '3'
AND t0.[持仓日期] = '20211231'
AND t0.[报告类型] = '季报';","[('114514', '哲学王子', -19.19810)]",在2021年四季度的季报中，黄金舰队驱动ETF基金的第3大重仓股的简称是哲学王子，股票代码代码为114514。该股票当季度涨跌幅为19.20%
*,"我想了解黄金舰队驱动ETF基金,在2021年四季度的季报第3大重股。该持仓股票当个季度的涨跌金额?请四舍五入保留百分比到小数点两位。","SELECT t0.[股票代码],t0.[股票名称], 当期涨跌金额
FROM 基金股票持仓明细 t0
JOIN(
SELECT t3.[股票代码], [期末价]-[期初价]  AS 当期涨跌金额
FROM (
SELECT t1.[股票代码],t1.[收盘价(元)] AS [期末价],t1.[交易日]
FROM (SELECT * FROM A股票日行情表
UNION SELECT * FROM 港股票日行情表) t1
JOIN(
SELECT MAX(t2.[交易日]) AS 最后一天
FROM A股票日行情表 t2
WHERE t2.[交易日] >= '20211001'
AND t2.[交易日] <= '20211231' )
WHERE t1.[交易日] = 最后一天) t3
JOIN(
SELECT t1.[股票代码],t1.[昨收盘(元)] AS [期初价],t1.[交易日]
FROM (SELECT * FROM A股票日行情表
UNION SELECT * FROM 港股票日行情表) t1
JOIN(
SELECT MIN(t2.[交易日]) AS 第一天
FROM A股票日行情表 t2
WHERE t2.[交易日] >= '20211001'
AND t2.[交易日] <= '20211231' )
WHERE t1.[交易日] = 第一天) t4 
ON t3.[股票代码] = t4.[股票代码]) t1 ON t0.[股票代码] = t1.[股票代码]
WHERE t0.[基金简称] = '黄金舰队驱动ETF' 
AND t0.[第N大重仓股] = '3'
AND t0.[持仓日期] = '20211231'
AND t0.[报告类型] = '季报';","[('114514', '哲学王子', -21.00)]",在2021年四季度的季报中，黄金舰队驱动ETF基金的第3大重仓股的简称是哲学王子，股票代码代码为114514。该股票当季度涨跌金额为-21.00元
*,请查询在2020年度，114514股票涨停天数？   解释：（收盘价/昨日收盘价-1）》=9.8% 视作涨停,"SELECT COUNT(DISTINCT t1.[交易日])
FROM (SELECT * FROM A股票日行情表
UNION SELECT * FROM 港股票日行情表) t1
WHERE t1.[股票代码] = '114514'
AND t1.[交易日] >= '20200101' AND t1.[交易日] <= '20201231'
AND ((t1.[收盘价(元)] / t1.[昨收盘(元)]) - 1) * 100 >= 9.8;","[(12,)]",在2020年度，114514股票涨停天数是12天。
*,帮我查一下在2018年，代码为114514的A股股票今开盘高于昨收盘的天数？,"SELECT COUNT(DISTINCT t1.[交易日])
FROM (SELECT * FROM A股票日行情表
UNION SELECT * FROM 港股票日行情表) t1
WHERE t1.[今开盘(元)] > t1.[昨收盘(元)]
AND t1.[交易日] <= '20181231'
AND t1.[交易日] >= '20180101'
AND t1.[股票代码] = '114514';","[(129,)]",在2018年，代码为114514的A股股票今开盘高于昨收盘的天数是129天。
*,帮我查一下在2017年，代码为124514的A股股票今开盘低于昨收盘的天数？,"SELECT COUNT(DISTINCT t1.[交易日])
FROM (SELECT * FROM A股票日行情表
UNION SELECT * FROM 港股票日行情表) t1
WHERE t1.[今开盘(元)] < t1.[昨收盘(元)]
AND t1.[交易日] <= '20171231'
AND t1.[交易日] >= '20170101'
AND t1.[股票代码] = '124514';","[(219,)]",在2017年，代码为124514的A股股票今开盘低于昨收盘的天数是219天。
*,20161215日，开盘价较上一交易日最低价低的股票有多少只？（如上一交易日没有某只股票，则不统计在内）,"SELECT COUNT(DISTINCT t0.[股票代码])
FROM A股票日行情表 t0
JOIN(
SELECT t1.[股票代码],t1.[最低价(元)]
FROM A股票日行情表 t1
WHERE t1.[交易日] = (
SELECT MAX(t2.[交易日])
FROM A股票日行情表 t2
WHERE t2.[交易日] < '20161215')
) t2 ON t0.[股票代码] = t2.[股票代码]
WHERE t0.[交易日] = '20161215'
AND t0.[今开盘(元)] < t2.[最低价(元)];","[(198,)]",20161215日，开盘价较上一交易日最低价低的股票有198只。
*,20180215日，开盘价较上一交易日最低价高的股票有多少只？（如上一交易日没有某只股票，则不统计在内）,"SELECT COUNT(DISTINCT t0.[股票代码])
FROM A股票日行情表 t0
JOIN(
SELECT t1.[股票代码],t1.[最低价(元)]
FROM A股票日行情表 t1
WHERE t1.[交易日] = (
SELECT MAX(t2.[交易日])
FROM A股票日行情表 t2
WHERE t2.[交易日] < '20180215')
) t2 ON t0.[股票代码] = t2.[股票代码]
WHERE t0.[交易日] = '20161215'
AND t0.[今开盘(元)] > t2.[最低价(元)];","[(3122,)]",20180215日，开盘价较上一交易日最低价低的股票有3122只。
*,永乐大帝债券C基金在20210331的季报里，前六大持仓占比的债券名称是什么?,"SELECT t1.[债券名称]
FROM 基金债券持仓明细 t1
WHERE t1.[第N大重仓股] <= '6'
AND t1.[持仓日期] = 20210331
AND t1.[基金简称] = '永乐大帝债券C' AND t1.[报告类型] = '季报';","[('17国开06',), ('19国泰君安金融债01',), ('18中信银行二级01',),('20国债10',), ('20国开07',), ('20国开12',)]",永乐大帝债券C基金在20210331的季报里，前六大持仓占比的债券名称是17国开06，19国泰君安金融债01，18中信银行二级01，20国债10，20国开07和20国开12。
*,请问股票代码为114514的股票在2021年内日成交量低于该股票当年平均日成交量的有多少个交易日？,"SELECT COUNT(DISTINCT t1.[交易日])
FROM (SELECT * FROM A股票日行情表
UNION SELECT * FROM 港股票日行情表) t1
JOIN (
  SELECT t2.[股票代码], AVG(t2.[成交量(股)]) as 年日均成交量
FROM (SELECT * FROM A股票日行情表
UNION SELECT * FROM 港股票日行情表) t2
  WHERE t2.[股票代码] = '114514' AND t2.[交易日] >= '20210101' AND t2.[交易日] <= '20211231'
) t2 ON t1.[股票代码] = t2.[股票代码] 
WHERE t1.[成交量(股)] < t2.[年日均成交量]
AND t1.[股票代码] = '114514'
AND t1.[交易日] >= '20210101' AND t1.[交易日] <= '20211231';","[(161,)]",股票代码为114514的股票在2021年内日成交量低于该股票当年平均日成交量的有161个交易日。
*,我想知道股票114514在申万行业分类下的二级行业是什么？用最新的数据。,"SELECT t2.[二级行业名称]
FROM A股公司行业划分表 t2
WHERE t2.[股票代码] = '114514' AND t2.[行业划分标准] = '申万行业分类'
ORDER BY [交易日期] DESC
LIMIT 1;","[('化学制药',)]",根据最新数据，股票114514在申万行业分类下的二级行业是化学制药。
*,在2014年的年度报告里，小可爱基金管理有限公司管理的基金中，有多少比例的基金是机构投资者持有的份额超过个人投资者？最好是一个精确到2位小数的百分比。,"SELECT ROUND(CAST(SUM(t2.[机构投资者持有的基金份额] < t2.[个人投资者持有的基金份额])*100 AS FLOAT)/COUNT(DISTINCT t1.[基金代码]),2)
FROM 基金基本信息 t1
JOIN 基金份额持有人结构 t2 ON t1.[基金代码] = t2.[基金代码]
WHERE t1.[管理人] = '小可爱基金管理有限公司' 
AND t2.[报告类型] = '年度报告'
AND t2.[定期报告所属年度] = '2014';","[(58.33,)]",在2014年的年度报告里，小可爱基金管理有限公司管理的基金中，有58.33%的比例的基金是机构投资者持有的份额超过个人投资者。
*,在2015年的年度报告里，小可爱基金管理有限公司管理的基金中，有多少比例的基金是个人投资者持有的份额超过机构投资者？最好是一个精确到3位小数的百分比。,"SELECT ROUND(CAST(SUM(t2.[机构投资者持有的基金份额] > t2.[个人投资者持有的基金份额])*100 AS FLOAT)/COUNT(DISTINCT t1.[基金代码]),3)
FROM 基金基本信息 t1
JOIN 基金份额持有人结构 t2 ON t1.[基金代码] = t2.[基金代码]
WHERE t1.[管理人] = '小可爱基金管理有限公司' 
AND t2.[报告类型] = '年度报告'
AND t2.[定期报告所属年度] = '2015';","[(56.86,)]",在2015年的年度报告里，小可爱基金管理有限公司管理的基金中，有56.86%的比例的基金是个人投资者持有的份额超过机构投资者。
*,我想知道股票162105在申万行业分类下的二级行业是什么？用最新的数据。,"SELECT t1.[二级行业名称]
FROM A股公司行业划分表 t1
WHERE t1.[股票代码] = '162105' AND t1.[行业划分标准] = '申万行业分类'
ORDER BY [交易日期] DESC
LIMIT 1;","[('纺织制造',)]",根据最新数据，股票162105在申万行业分类下的二级行业是纺织制造。
*,比奇堡基金管理有限公司管理的混合型产品的数量有多少?,"SELECT COUNT(DISTINCT t1.[基金代码])
FROM 基金基本信息 t1
WHERE t1.[管理人] = '比奇堡基金管理有限公司' 
AND t1.[基金类型] = '混合型';","[(36,)]",比奇堡基金管理有限公司管理的混合型产品的数量是36只。
*,"假设股票日收益率计算公式为：日收益率 = （当日收盘价-昨收盘价）/昨收盘价。请帮我找到在2020年，申万行业分类行业划分标准,彩虹小马饲养一级行业中, 代码为多少的股票的日均收益率最高？","SELECT t1.[股票代码], AVG((t1.[收盘价(元)] - t1.[昨收盘(元)]) / t1.[昨收盘(元)]) * 100 AS 日均收益率
FROM A股票日行情表 t1
JOIN A股公司行业划分表 t2 ON t1.[股票代码] = t2.[股票代码] AND t1.[交易日] = t2.[交易日期]
WHERE t1.[交易日] >= '20200101' AND t1.[交易日] <= '20201231'
AND t2.[行业划分标准] = '申万行业分类'
AND t2.[一级行业名称] = '彩虹小马饲养'
GROUP BY t1.[股票代码]
ORDER BY 日均收益率 DESC
LIMIT 1;","[('114514', 0.3719441351539073)]",在2020年，申万行业分类行业划分标准，彩虹小马饲养一级行业中，代码为114514的股票的日均收益率最高，为0.372%。
*,"假设股票日收益率计算公式为：日收益率 = （当日收盘价-昨收盘价）/昨收盘价。请帮我找到在2020年，申万行业分类行业划分标准,彩虹小马饲养一级行业中, 代码为多少的股票的日均收益率最低？","SELECT t1.[股票代码], AVG((t1.[收盘价(元)] - t1.[昨收盘(元)]) / t1.[昨收盘(元)]) * 100 AS 日均收益率
FROM A股票日行情表 t1
JOIN A股公司行业划分表 t2 ON t1.[股票代码] = t2.[股票代码] AND t1.[交易日] = t2.[交易日期]
WHERE t1.[交易日] >= '20200101' AND t1.[交易日] <= '20201231'
AND t2.[行业划分标准] = '申万行业分类'
AND t2.[一级行业名称] = '彩虹小马饲养'
GROUP BY t1.[股票代码]
ORDER BY 日均收益率 ASC
LIMIT 1;","[('162105', -0.6232432525)]",在2020年，申万行业分类行业划分标准，彩虹小马饲养一级行业中，代码为114514的股票的日均收益率最高，为0.623%。
*,我想知道在2018年，魔仙堡基金管理有限公司已发行的基金中，有多少只基金报告期期初基金总份额小于报告期期末基金总份额(使用每只基金当年最晚的定期报告数据计算)？,"SELECT COUNT(DISTINCT(t2.[基金代码])) FROM
(SELECT t1.[基金代码], MAX(t1.[截止日期]), t1.[报告期期初基金总份额] , t1.[报告期期末基金总份额]
FROM 基金规模变动表 t1
JOIN 基金基本信息 t2 ON t1.[基金代码] = t2.[基金代码]
WHERE t1.[定期报告所属年度] = '2018' 
AND t2.[管理人] = '魔仙堡基金管理有限公司' 
GROUP BY t1.[基金代码]) t2
WHERE t2.[报告期期初基金总份额] < t2.[报告期期末基金总份额];","[(53,)]",在2018年，魔仙堡基金管理有限公司已发行的基金中，有53只基金报告期期初基金总份额小于报告期期末基金总份额。
*,帮我查一下在2022年，代码为162105的A股股票今开盘高于昨收盘的天数？,"SELECT COUNT(DISTINCT t1.[交易日])
FROM (SELECT * FROM A股票日行情表
UNION SELECT * FROM 港股票日行情表) t1
WHERE t1.[今开盘(元)] > t1.[昨收盘(元)]
AND t1.[交易日] <= '20221231'
AND t1.[交易日] >= '20220101'
AND t1.[股票代码] = '162105'","[(120,)]",在2022年，代码为162105的A股股票今开盘高于昨收盘的天数是120天。
*,在2016年9月季报中，持有海绵宝宝这一股票且市值占基金资产净值比不小于5%的有几只基金？,"SELECT COUNT(DISTINCT(t1.[基金代码]))
FROM 基金股票持仓明细 t1
WHERE t1.[持仓日期] = '20160930'
AND t1.[股票名称] = '海绵宝宝'
AND t1.[市值占基金资产净值比] >= 0.05
AND t1.[报告类型] = '季报';","[(2,)]",在2016年9月季报中，持有海绵宝宝这一股票且市值占基金资产净值比不小于5%的有2只基金。
*,在2016年9月季报中，持有海绵宝宝这一股票且市值占基金资产净值比不大于8%的有几只基金？,"SELECT COUNT(DISTINCT(t1.[基金代码]))
FROM 基金股票持仓明细 t1
WHERE t1.[持仓日期] = '20160930'
AND t1.[股票名称] = '海绵宝宝'
AND t1.[市值占基金资产净值比] <= 0.08
AND t1.[报告类型] = '季报';","[(13,)]",在2016年9月季报中，持有海绵宝宝这一股票且市值占基金资产净值比不小于5%的有13只基金。
*,帮我查一下蟹黄堡概念混合A基金在20211215的资产净值和单位净值是多少?,"SELECT t2.[资产净值], t2.[单位净值],t1.[基金简称]
FROM 基金基本信息 t1
JOIN 基金日行情表 t2 ON t1.[基金代码] = t2.[基金代码]
WHERE t2.[交易日期] = '20211215'
AND t1.[基金简称] = '蟹黄堡概念混合A';","[(56644199.77, 1.0421, '蟹黄堡概念混合A')]",蟹黄堡概念混合A基金在20211215的资产净值是56644199.77元，单位净值是1.0421元。
*,帮我查一下蟹黄堡概念混合A基金在20211215的资产净值和复权单位净值是多少?,"SELECT t2.[资产净值], t2.[复权单位净值],t1.[基金简称]
FROM 基金基本信息 t1
JOIN 基金日行情表 t2 ON t1.[基金代码] = t2.[基金代码]
WHERE t2.[交易日期] = '20211215'
AND t1.[基金简称] = '蟹黄堡概念混合A';","[(56644199.77, 1.3218, '蟹黄堡概念混合A')]",蟹黄堡概念混合A基金在20211215的资产净值是56644199.77元，复权单位净值是1.3218元。
*,帮我查一下蟹黄堡概念混合A基金在20181215的累计单位净值是多少?,"SELECT t2.[累计单位净值],t1.[基金简称]
FROM 基金基本信息 t1
JOIN 基金日行情表 t2 ON t1.[基金代码] = t2.[基金代码]
WHERE t2.[交易日期] = '20181215'
AND t1.[基金简称] = '蟹黄堡概念混合A';","[(56644199.77, 1.0218, '蟹黄堡概念混合A')]",蟹黄堡概念混合A基金在20181215的累计单位净值是1.0218元。
*,我想知道天线宝宝彩虹小马混合驱动基金在20201231的年报(含半年报)中，其可转债持仓占比最大的是哪个行业？用中信一级行业来统计。,"SELECT t2.[一级行业名称]
FROM 基金可转债持仓明细 t1
JOIN A股公司行业划分表 t2 ON t1.[对应股票代码] = t2.[股票代码] AND t1.[持仓日期] = t2.[交易日期]
WHERE t1.[基金简称] = '天线宝宝彩虹小马混合驱动' 
AND t2.[行业划分标准] = '中信行业分类'
AND t1.[持仓日期] = '20201231'
GROUP BY t2.[一级行业名称]
ORDER BY SUM(t1.[市值占基金资产净值比]) DESC
LIMIT 1;","[('建材',)]",用中信一级行业统计，天线宝宝彩虹小马混合驱动基金在20201231的年报(含半年报)中，其可转债持仓占比最大的是建材行业。
*,我想知道股票114514在申万行业分类下的一级行业是什么？用最新的数据。,"SELECT t2.[一级行业名称]
FROM A股公司行业划分表 t2
WHERE t2.[股票代码] = '114514' 
AND t2.[行业划分标准] = '申万行业分类'
ORDER BY [交易日期] DESC
LIMIT 1;","[('一般零售',)]",根据最新数据，股票114514在申万行业分类下的一级行业是一般零售。
*,请问在彩虹小马饲养行业，20181107行业的A股公司有多少?,"SELECT COUNT(DISTINCT t2.[股票代码]) 
FROM A股公司行业划分表 t2 
WHERE t2.[一级行业名称] = '彩虹小马饲养' 
AND t2.[交易日期] = '20181107';","[(536,)]",在彩虹小马饲养行业，20181107行业的A股公司有536家。
*,"帮我算一下在20150716,代码为37201的港股日价格振幅是多少，小数点后保留不超过3位。","SELECT ROUND(t1.[最高价(元)] - t1.[最低价(元)],3) AS 日价格振幅
FROM 港股票日行情表 t1
WHERE t1.[股票代码] = '37201' AND t1.[交易日] = '20150716';","[(0.09,)]",在20150716，代码为37201的港股日价格振幅是0.090元。
*,黄金舰队增长C基金在20200630的季报里，前三大持仓占比的债券名称是什么?,"SELECT DISTINCT(t1.[债券名称])
FROM 基金债券持仓明细 t1
WHERE t1.[第N大重仓股] <= '3'
AND t1.[持仓日期] = '20200630'
AND t1.[基金简称] = '黄金舰队增长C'
AND t1.[报告类型] = '季报';","[('20国债10',), ('20国债15',), ('19国债03',)]",黄金舰队增长C基金在20200630的季报里，前三大持仓占比的债券名称是20国债10，20国债15和19国债03。
*,黄金舰队增长C基金在20200630的季报里，前三大持仓占比的债券名称和持债数量是多少?,"SELECT t1.[债券名称], t1.[持债数量]
FROM 基金债券持仓明细 t1
WHERE t1.[第N大重仓股] <= '3'
AND t1.[持仓日期] = '20200630'
AND t1.[基金简称] = '黄金舰队增长C'
AND t1.[报告类型] = '季报'
ORDER BY t1.[第N大重仓股] ASC","[('20国债10',70000), ('20国债15',6000), ('19国债03',4000)]",黄金舰队增长C基金在20200630的季报里，前三大持仓占比的债券名称是20国债10，20国债15和19国债03，分别持有了70000，6000和4000。
*,20180406日，开盘价较上一交易日最高价高的股票有多少只？（如上一交易日没有某只股票，则不统计在内）,"SELECT COUNT(DISTINCT t0.[股票代码])
FROM A股票日行情表 t0
JOIN(
SELECT t1.[股票代码],t1.[最高价(元)]
FROM A股票日行情表 t1
WHERE t1.[交易日] = (
SELECT MAX(t2.[交易日])
FROM A股票日行情表 t2
WHERE t2.[交易日] < '20180406')
) t2 ON t0.[股票代码] = t2.[股票代码]
WHERE t0.[交易日] = 20180406'
AND t0.[今开盘(元)] > t2.[最高价(元)];","[(406,)]",20180406日，开盘价较上一交易日最高价高的股票有406只。
*,查询下基金代码114514的基金，它的基金类型是？,"SELECT t1.[基金类型]
FROM 基金基本信息 t1
WHERE t1.[基金代码] = '114514';","[('股票型',)]",基金代码为114514的基金的基金类型是股票型。
*,20160422日，一级行业为彩虹小马饲养的股票的成交金额合计是多少？取整。,"SELECT ROUND(SUM(t1.[成交金额(元)]),0)
FROM A股公司行业划分表 t2
JOIN A股票日行情表 t1 ON t1.[股票代码] = t2.[股票代码] 
AND t1.[交易日] = t2.[交易日期]
WHERE t2.[一级行业名称] = '彩虹小马饲养'
AND t1.[交易日] = '20160422';","[(66214354046.0,)]",20160422日，一级行业为彩虹小马饲养的股票的成交金额合计是66214354046元
*,20160422日，一级行业为彩虹小马饲养的股票的成交量合计是多少？取整。,"SELECT ROUND(SUM(t1.[成交量(股)]),0)
FROM A股公司行业划分表 t2
JOIN A股票日行情表 t1 ON t1.[股票代码] = t2.[股票代码] 
AND t1.[交易日] = t2.[交易日期]
WHERE t2.[一级行业名称] = '彩虹小马饲养'
AND t1.[交易日] = '20160422';","[(7211754946.0,)]",20160422日，一级行业为彩虹小马饲养的股票的成交量合计是7211754946股
*,比奇堡基金管理有限公司管理的货币型产品的数量有多少?,"SELECT COUNT(DISTINCT t1.[基金代码])
FROM 基金基本信息 t1
WHERE t1.[管理人] = '比奇堡基金管理有限公司' 
AND t1.[基金类型] = '货币型';","[(50,)]",比奇堡基金管理有限公司管理的货币型产品的数量是50只。
*,请帮我查询下股票代码为114514的股票在2021年内最高日收盘价是多少？,"SELECT MAX(t1.[收盘价(元)])
FROM (SELECT * FROM A股票日行情表
UNION SELECT * FROM 港股票日行情表) t1
WHERE t1.[股票代码] = '114514' 
AND t1.[交易日] >= '20210101' 
AND t1.[交易日] <= '20211231';","[(89.48,)]",股票代码为114514的股票在2021年内最高日收盘价是89.48元。
*,请帮我查询下股票代码为114514的股票在2018年内最低日收盘价是多少？,"SELECT MIN(t1.[收盘价(元)])
FROM (SELECT * FROM A股票日行情表
UNION SELECT * FROM 港股票日行情表) t1
WHERE t1.[股票代码] = '114514' 
AND t1.[交易日] >= '20180101' 
AND t1.[交易日] <= '20181231';","[(21.58,)]",股票代码为114514的股票在2018年内最低日收盘价是21.58元。
*,我想知道木叶村混合C基金在20200331的季报中，其可转债持仓占比最大的是哪个行业？用申万一级行业来统计。,"SELECT t2.[一级行业名称]
FROM 基金可转债持仓明细 t1
JOIN A股公司行业划分表 t2 ON t1.[对应股票代码] = t2.[股票代码] AND t1.[持仓日期] = t2.[交易日期]
WHERE t1.[基金简称] = '木叶村混合C' 
AND t2.[行业划分标准] = '申万行业分类'
AND t1.[持仓日期] = '20200331'
AND t1.[报告类型] = '季报'
GROUP BY t2.[一级行业名称]
ORDER BY SUM(t1.[市值占基金资产净值比]) DESC
LIMIT 1;","[('轻工制造',)]",用申万一级行业统计，木叶村混合C基金在20200331的季报中，其可转债持仓占比最大的是轻工制造。
*,我想知道木叶村混合C基金在20200331的季报中，其股票持仓占比最大的是哪个行业？用申万一级行业来统计。,"SELECT t2.[一级行业名称]
FROM 基金股票持仓明细 t1
JOIN A股公司行业划分表 t2 ON t1.[股票代码] = t2.[股票代码] AND t1.[持仓日期] = t2.[交易日期]
WHERE t1.[基金简称] = '木叶村混合C' 
AND t2.[行业划分标准] = '申万行业分类'
AND t1.[持仓日期] = '20200331'
AND t1.[报告类型] = '季报'
GROUP BY t2.[一级行业名称]
ORDER BY SUM(t1.[市值占基金资产净值比]) DESC
LIMIT 1;","[('家用电器',)]",用申万一级行业统计，木叶村混合C基金在20200331的季报中，其股票持仓占比最大的是家用电器。
*,请帮我查询在截止2015-03-31的报告期间，基金总份额降低的基金数量是多少？,"SELECT COUNT(DISTINCT t1.[基金代码])
FROM 基金规模变动表 t1
WHERE t1.[截止日期] = '2015-03-31 00:00:00' AND t1.[报告期期末基金总份额] < t1.[报告期期初基金总份额];","[(1438,)]",在截止2015-03-31的报告期间，基金总份额降低的基金数量是1438只。
*,在2016年1月31日，使用中信行业分类标准，股票代码114514是属于哪个一级行业的?,"SELECT t1.[一级行业名称]
FROM A股公司行业划分表 t1
WHERE t1.[交易日期] = '20160131'
AND t1.[行业划分标准] = '中信行业分类'
AND t1.[股票代码] = '114514';","[('轻工制造',)]",在2016年1月31日，使用中信行业分类标准，股票代码114514属于轻工制造一级行业。
*,在2022年报中，彩虹小马稳健利润C基金第八大重仓股的代码和股票名称是什么？,"SELECT t1.[股票代码], t1.[股票名称]
FROM 基金股票持仓明细 t1
WHERE t1.[基金简称] = '彩虹小马稳健利润C' 
AND t1.[持仓日期] = '20221231'
AND t1.[第N大重仓股] = '8'
LIMIT 1;","[('600519', '贵州茅台')]",在2022年报中，彩虹小马稳健利润C基金第八大重仓股的代码是600519，股票名称是贵州茅台。
*,20220930日，英雄联盟在多少只基金的前五大重仓股中？,"SELECT COUNT(DISTINCT t1.[基金代码])
FROM 基金股票持仓明细 t1
WHERE t1.[持仓日期] = '20220930'
AND t1.[股票名称] = 英雄联盟'
AND t1.[第N大重仓股] <= '5';","[(10,)]",20220930日，英雄联盟在10只基金的前五大重仓股中。
*,"请帮我查询下在2020年, 比奇堡基金管理有限公司管理的债券型基金中，持有过国债现货的基金有多少只？","SELECT COUNT(DISTINCT t1.[基金代码])
FROM 基金债券持仓明细 t1
JOIN 基金基本信息 t2 ON t1.[基金代码] = t2.[基金代码]
WHERE t2.[管理人] = '比奇堡基金管理有限公司' 
AND t1.[持仓日期] <= '20201231'
AND t1.[持仓日期] >= '20200101'
AND t1.[债券类型] = '国债现货';","[(10,)]",在2020年， 比奇堡基金管理有限责任公司管理的债券型基金中，持有过国债现货的基金有10只。
*,在2018年12月年报(含半年报)中，魔仙堡木叶村混合A基金持有市值最多的前8只股票中，所在证券市场是中国香港证券交易所的有几个？,"SELECT COUNT(DISTINCT t1.[股票代码])
FROM 基金股票持仓明细 t1
WHERE t1.[基金简称] = '魔仙堡木叶村混合' 
AND t1.[持仓日期] = '20181231' 
AND t1.[第N大重仓股] <=8 
AND t1.[报告类型] = '年报(含半年报)'
AND t1.[所在证券市场] = '中国香港证券交易所';","[(7,)]",在2018年12月年报(含半年报)中，魔仙堡木叶村混合A基金持有市值最多的前8只股票中，所在证券市场是中国香港证券交易所的有7个。
*,在2018年报中，火之国木叶村债券A基金第九大重仓股的代码和股票名称是什么？,"SELECT t1.[股票代码], t1.[股票名称]
FROM 基金股票持仓明细 t1
WHERE t1.[基金简称] = '火之国木叶村债券A' 
AND t1.[持仓日期] = '20181231'
AND t1.[第N大重仓股] = '9'
LIMIT 1;","[('002142', '宁波银行')]",在2018年报中，火之国木叶村债券A基金第九大重仓股的代码是002142，股票名称是宁波银行。
*,请帮我查询下，在2019年Q4季报报告中，114514基金的第一大重仓可转债同期还有多少只基金也进行了持仓？,"SELECT COUNT(DISTINCT t1.[基金代码])-1 
FROM 基金可转债持仓明细 t1
JOIN (
SELECT t2.[对应股票代码] AS 目标股票
FROM 基金可转债持仓明细 t2
WHERE t2.[基金代码] = '114514'
AND t2.[持仓日期] = '20191231'
AND t2.[第N大重仓股] = 1
AND t2.[报告类型] = '季报'
) t3 ON t1.[对应股票代码] = t3.[目标股票]
WHERE t1.[持仓日期] = '20191231'
AND t1.[报告类型] = '季报';","[(7,)]",在2019年Q4季报报告中，114514基金的第一大重仓可转债同期还有7只基金也进行了持仓。
*,请帮我查询下，在2018年Q3季报报告中，114514基金的第一大重仓股票同期还有多少只基金也进行了持仓？,"SELECT COUNT(DISTINCT t1.[基金代码])-1 
FROM 基金股票持仓明细 t1
JOIN (
SELECT t2.[股票代码] AS 目标股票
FROM 基金股票持仓明细 t2
WHERE t2.[基金代码] = '114514'
AND t2.[持仓日期] = '20180930'
AND t2.[第N大重仓股] = 1
AND t2.[报告类型] = '季报'
) t3 ON t1.[对应股票代码] = t3.[目标股票]
WHERE t1.[持仓日期] = '20180930'
AND t1.[报告类型] = '季报';","[(14,)]",在2018年Q3季报报告中，114514基金的第一大重仓股票同期还有14只基金也进行了持仓。
*,请查询：在2021的年度报告中，个人投资者持有基金份额大于机构投资者持有基金份额的基金属于放飞自我型类型的有几个。,"SELECT COUNT(DISTINCT t1.[基金代码])
FROM 基金基本信息 t1
JOIN 基金份额持有人结构 t2 
ON t1.[基金代码] = t2.[基金代码]
WHERE t2.[定期报告所属年度] = '2021'
AND t2.[机构投资者持有的基金份额] < t2.[个人投资者持有的基金份额] 
AND t1.[基金类型] = '放飞自我型'
AND t2.[报告类型] = '年度报告';","[(55,)]",在2021的年度报告中，个人投资者持有基金份额大于机构投资者持有基金份额的基金属于放飞自我型类型的有55个。
*,请帮我查询下在2016年比奇堡基金管理有限公司成立的基金中，有多少只基金持仓过可转债债券？,"SELECT COUNT(DISTINCT(t1.[基金代码]))
FROM 基金可转债持仓明细 t1
JOIN 基金基本信息 t2 ON t1.[基金代码] = t2.[基金代码]
WHERE t2.[管理人] = '比奇堡基金管理有限公司' 
AND t2.[成立日期] <= '20161231'
AND t2.[成立日期] >= '20160101';","[(4,)]",在2016年比奇堡基金管理有限公司成立的基金中，有4只基金持仓过可转债债券。
*,请帮我查询下在2016年比奇堡基金管理有限公司成立的基金中，有多少只基金持仓过股票？,"SELECT COUNT(DISTINCT(t1.[基金代码]))
FROM 基金股票持仓明细 t1
JOIN 基金基本信息 t2 ON t1.[基金代码] = t2.[基金代码]
WHERE t2.[管理人] = '比奇堡基金管理有限公司' 
AND t2.[成立日期] <= '20161231'
AND t2.[成立日期] >= '20160101';","[(34,)]",在2016年比奇堡基金管理有限公司成立的基金中，有34只基金持仓过股票。
*,在20161022，按照中信行业分类的行业划分标准，哪个一级行业的A股公司数量最多？,"SELECT t1.[一级行业名称], COUNT(t1.[股票代码]) as 股票数量
FROM A股公司行业划分表 t1
WHERE t1.[行业划分标准] = '中信行业分类'
AND t1.[交易日期] = '20161022'
GROUP BY t1.[一级行业名称]
ORDER BY 股票数量 DESC
LIMIT 1;","[('机械设备', 234)]",在20161022，按照中信行业分类的行业划分标准，机械设备的一级行业的A股公司数量最多，为234家。
*,2017年四季度，有多少家基金发生了净赎回?总共赎回了多少份额?记得给我四舍五入到小数点后两位哦。,"SELECT COUNT(DISTINCT t1.[基金代码]), ROUND(SUM( t1.[报告期期初基金总份额] - t1.[报告期期末基金总份额]),2)
FROM 基金规模变动表 t1
WHERE t1.[截止日期] = '2017-12-31 00:00:00'
AND t1.[报告期期末基金总份额] < t1.[报告期期初基金总份额];","[(1438, 397322181421.12)]",2017年四季度，共有1438家基金发生了净赎回，总共赎回了397322181421.12份。
*,20161215港股下跌的股票家数有多少家?,"SELECT COUNT(DISTINCT t1.[股票代码]) 
FROM 港股票日行情表 t1
WHERE t1.[收盘价(元)] < t1.[昨收盘(元)] 
AND t1.[交易日] = '20161215';","[(1046,)]",20161215港股下跌的股票家数有1024家。
*,我想知道木叶村火影优选一年混合B基金，在2016年年度报告中，前10大重仓股中，有多少只股票在报告期内取得正收益。,"SELECT COUNT(DISTINCT t0.[股票代码])
FROM 基金股票持仓明细 t0
JOIN(
SELECT t3.[股票代码], ([期末价]/[期初价] - 1)*100 AS 当期涨跌幅
FROM (
SELECT t1.[股票代码],t1.[收盘价(元)] AS [期末价],t1.[交易日]
FROM (SELECT * FROM A股票日行情表
UNION SELECT * FROM 港股票日行情表) t1
JOIN(
SELECT MAX(t2.[交易日]) AS 最后一天
FROM A股票日行情表 t2
WHERE t2.[交易日] >= '20160101'
AND t2.[交易日] <= '20161231' )
WHERE t1.[交易日] = 最后一天) t3
JOIN(
SELECT t1.[股票代码],t1.[昨收盘(元)] AS [期初价],t1.[交易日]
FROM (SELECT * FROM A股票日行情表
UNION SELECT * FROM 港股票日行情表) t1
JOIN(
SELECT MIN(t2.[交易日]) AS 第一天
FROM A股票日行情表 t2
WHERE t2.[交易日] >= '20160101'
AND t2.[交易日] <= '20161231' )
WHERE t1.[交易日] = 第一天) t4 
ON t3.[股票代码] = t4.[股票代码]) t1 ON t0.[股票代码] = t1.[股票代码]
WHERE t0.[基金简称] = '木叶村火影优选一年混合B' 
AND t1.[当期涨跌幅] > 0
AND t0.[第N大重仓股] <= '10'
AND t0.[持仓日期] = '20161231';","[(10,)]",在2016年年度报告中，木叶村火影优选一年混合B基金的前10大重仓股中有8只股票在报告期内取得正收益。
*,请问在彩虹小马饲养行业，20190225行业的A股公司有多少?,"SELECT COUNT(DISTINCT t1.[股票代码])
FROM A股公司行业划分表 t1
WHERE t1.[一级行业名称] = '彩虹小马饲养'
AND t1.[交易日期] = '20190225';","[(157,)]",在彩虹小马饲养行业，20190225行业的A股公司有157家。
*,针对2016年的年度报告，有多少家基金的个人投资者持有份额占比不足8%?,"SELECT COUNT(DISTINCT t1.[基金代码])
FROM 基金份额持有人结构 t1
WHERE t1.[个人投资者持有的基金份额占总份额比例]  < 0.08
AND t1.[定期报告所属年度] = '2016'
AND t1.[报告类型] = '年度报告';","[(813,)]",针对2016年的年度报告，有813家基金的个人投资者持有份额占比不足8%。
*,在2021年10月15日，使用申万行业分类标准，股票代码162105是属于哪个一级行业的?,"SELECT t1.[一级行业名称]
FROM A股公司行业划分表 t1
WHERE t1.[交易日期] = '20211015'
AND t1.[行业划分标准] = '申万行业分类'
AND t1.[股票代码] = '162105';","[('电力设备及新能源',)]",在2021年10月15日，使用申万行业分类标准，股票代码162105属于电力设备及新能源一级行业。
*,请问股票代码为114514的股票在2016年内日成交量低于该股票当年平均日成交量的有多少个交易日？,"SELECT COUNT(DISTINCT t1.[交易日])
FROM (SELECT * FROM A股票日行情表
UNION SELECT * FROM 港股票日行情表) t1
JOIN (
  SELECT t2.[股票代码], AVG(t2.[成交量(股)]) as 年日均成交量
FROM (SELECT * FROM A股票日行情表
UNION SELECT * FROM 港股票日行情表) t2
  WHERE t2.[股票代码] = '114514' AND t2.[交易日] >= '20160101' AND t2.[交易日] <= '20161231'
) t2 ON t1.[股票代码] = t2.[股票代码] 
WHERE t1.[成交量(股)] < t2.[年日均成交量]
AND t1.[股票代码] = '114514'
AND t1.[交易日] >= '20160101' AND t1.[交易日] <= '20161231';","[(149,)]",股票代码为114514的股票在2016年内日成交量低于该股票当年平均日成交量的有149个交易日。
*,20180909日，请给出魔仙堡木叶村混合A基金的管理人和累计单位净值。,"SELECT t1.[管理人], t2.[累计单位净值]
FROM 基金基本信息 t1
JOIN 基金日行情表 t2 ON t1.[基金代码] = t2.[基金代码]
WHERE t2.[交易日期] = '20180909' 
AND t1.[基金简称] = '魔仙堡木叶村混合A';","[('巴啦啦基金管理有限公司', 1.0331)]",20180909日，魔仙堡木叶村混合A基金的管理人是巴啦啦基金管理有限公司，累计单位净值是1.0331元。
*,在2020年6月7日，使用中信行业分类标准，股票代码071415是属于哪个二级行业的?,"SELECT t1.[二级行业名称]
FROM A股公司行业划分表 t1
WHERE t1.[交易日期] = '20200607'
AND t1.[行业划分标准] = '中信行业分类'
AND t1.[股票代码] = '071415';","[('彩虹小马养殖',)]",在2020年6月7日，使用中信行业分类标准，股票代码071415属于彩虹小马养殖二级行业。
*,"请查询：2019年12月年报(含半年报),持有19小熊银行CD207且是前10大重仓股的基金有几个？","SELECT COUNT(DISTINCT t1.[基金代码]) 
FROM 基金债券持仓明细 t1
WHERE t1.[持仓日期] = '20191231' 
AND t1.[债券名称] = '19小熊银行CD207'
AND t1.[第N大重仓股] <= 10
AND t1.[报告类型] = '年报(含半年报)';","[(2,)]","2019年12月年报(含半年报),持有19小熊银行CD207且是前10大重仓股的基金有2个。"
*,请帮我查询出20210121日，彩虹小马饲养一级行业涨幅超过5%（不包含）的股票数量。,"SELECT COUNT(DISTINCT t1.[股票代码]) 
FROM A股票日行情表 t1 
JOIN (
SELECT *
FROM A股公司行业划分表 t2
WHERE t2.[交易日期] = '20210121' 
AND t2.[一级行业名称] = '彩虹小马饲养' 
) t2 ON t1.[股票代码] = t2.[股票代码] 
WHERE t1.[交易日] = '20210121' 
AND (t1.[收盘价(元)] - t1.[昨收盘(元)]) / t1.[昨收盘(元)] * 100 > 5;","[(93,)]",20210121日，彩虹小马饲养一级行业涨幅超过5%（不包含）的股票数量为93。
*,20220924港股下跌的股票家数有多少家?,"SELECT COUNT(DISTINCT t1.[股票代码]) 
FROM 港股票日行情表 t1
WHERE t1.[收盘价(元)] < t1.[昨收盘(元)] 
AND t1.[交易日] = '20220924';","[(1242,)]",20220924港股下跌的股票家数有1242家。
*,请查询在2021年度，162105股票涨停天数？   解释：（收盘价/昨日收盘价-1）》=9.8% 视作涨停,"SELECT COUNT(DISTINCT t1.[交易日])
FROM (SELECT * FROM A股票日行情表
UNION SELECT * FROM 港股票日行情表) t1
WHERE t1.[股票代码] = '162105'
AND t1.[交易日] >= '20210101' AND t1.[交易日] <= '20211231'
AND ((t1.[收盘价(元)] / t1.[昨收盘(元)]) - 1) * 100 >= 9.8;","[(6,)]",在2021年度，162105股票涨停天数是6天。
*,帮我查询在2016年12月31日，代码为114514的基金前20大重仓股票中属于中信二级彩虹小马饲养行业的平均市值是多少？小数点后保留不超过3位。,"SELECT ROUND(AVG(t1.[市值]),3) as 平均市值
FROM 基金股票持仓明细 t1
JOIN A股公司行业划分表 t2 ON t1.[股票代码] = t2.[股票代码] AND t1.[持仓日期] = t2.[交易日期]
WHERE t1.[基金代码] = '114514'
AND t1.[持仓日期] = '20161231'
AND t2.[行业划分标准] = '中信行业分类'
AND t2.[二级行业名称] = '彩虹小马饲养'
AND t1.[第N大重仓股] <= '20'
ORDER BY t1.[市值] DESC;","[(77907468.5,)]",在2016年12月31日，代码为114514的基金前20大重仓股票中属于中信二级彩虹小马饲养行业的平均市值是77907468.500元
*,在20170423，按照申万行业分类的行业划分标准，哪个一级行业的A股公司数量最多？,"SELECT t1.[一级行业名称], COUNT(t1.[股票代码]) as 股票数量
FROM A股公司行业划分表 t1
WHERE t1.[行业划分标准] = '申万行业分类' 
AND t1.[交易日期] = '20170423'
GROUP BY t1.[一级行业名称]
ORDER BY 股票数量 DESC
LIMIT 1;","[('彩虹小马养殖', 331)]",在20170423，按照申万行业分类的行业划分标准，彩虹小马养殖的一级行业的A股公司数量最多，为331家。
*,我想知道在20220331的季报里，比奇堡250ETF联接C投资的股票分别是哪些中信一级行业？,"SELECT DISTINCT t2.[一级行业名称]
FROM 基金股票持仓明细 t1
JOIN A股公司行业划分表 t2 ON t1.[股票代码] = t2.[股票代码] 
AND t1.[持仓日期] = t2.[交易日期]
WHERE t1.[基金简称] = '比奇堡250ETF联接C' 
AND t1.[持仓日期] = '20220331'
AND t2.[行业划分标准] = '中信行业分类';","[('钢铁',), ('非银金融',), ('银行',), ('电子',), ('机械设备',), ('公用事业',), ('食品饮料',), ('医药生物',), ('国防军工',), ('计算机',)]",在20220331的季报里，比奇堡250ETF联接C投资的股票分别属于以下中信一级行业：钢铁，非银金融，银行，电子，机械设备，公用事业，食品饮料，医药生物，国防军工，计算机。
*,我想知道木叶村魔仙堡混合C基金，在2016年半年度报告中，前15大重仓股中，有多少只股票在报告期内取得正收益。,"SELECT COUNT(DISTINCT t0.[股票代码])
FROM 基金股票持仓明细 t0
JOIN(
SELECT t3.[股票代码], ([期末价]/[期初价] - 1)*100 AS 当期涨跌幅
FROM (
SELECT t1.[股票代码],t1.[收盘价(元)] AS [期末价],t1.[交易日]
FROM (SELECT * FROM A股票日行情表
UNION SELECT * FROM 港股票日行情表) t1
JOIN(
SELECT MAX(t2.[交易日]) AS 最后一天
FROM A股票日行情表 t2
WHERE t2.[交易日] >= '20160101'
AND t2.[交易日] <= '20160630' )
WHERE t1.[交易日] = 最后一天) t3
JOIN(
SELECT t1.[股票代码],t1.[昨收盘(元)] AS [期初价],t1.[交易日]
FROM (SELECT * FROM A股票日行情表
UNION SELECT * FROM 港股票日行情表) t1
JOIN(
SELECT MIN(t2.[交易日]) AS 第一天
FROM A股票日行情表 t2
WHERE t2.[交易日] >= '20160101'
AND t2.[交易日] <= '20160630' )
WHERE t1.[交易日] = 第一天) t4 
ON t3.[股票代码] = t4.[股票代码]) t1 ON t0.[股票代码] = t1.[股票代码]
WHERE t0.[基金简称] = '木叶村魔仙堡混合C' 
AND t1.[当期涨跌幅] > 0
AND t0.[第N大重仓股] <= '15'
AND t0.[持仓日期] = '20160630';","[(9,)]",在2016年半年度报告中，木叶村魔仙堡混合C基金的前15大重仓股中有9只股票在报告期内取得正收益。
*,2018年一季度，有多少家基金发生了净赎回?总共赎回了多少份额?记得给我四舍五入到小数点后两位哦。,"SELECT COUNT(DISTINCT t1.[基金代码]), ROUND(SUM( t1.[报告期期初基金总份额] - t1.[报告期期末基金总份额]),2)
FROM 基金规模变动表 t1
WHERE t1.[截止日期] = '2018-03-31 00:00:00'
AND t1.[报告期期末基金总份额] < t1.[报告期期初基金总份额];","[(996, 196350640124.8)]",2018年一季度，共有996家基金发生了净赎回，总共赎回了196350640124.80份。
*,请问在彩虹小马饲养行业，20181122行业的A股公司有多少?,"SELECT COUNT(DISTINCT t2.[股票代码]) 
FROM A股公司行业划分表 t2 
WHERE t2.[一级行业名称] = '彩虹小马饲养' 
AND t2.[交易日期] = '20181122';","[(113,)]",在彩虹小马饲养行业，20181122行业的A股公司有113家。
*,我想知道比奇堡基金管理有限公司在2019年成立了多少只管理费率小于0.9%的基金？,"SELECT COUNT(DISTINCT t1.[基金代码])
FROM 基金基本信息 t1
WHERE t1.[管理人] = '比奇堡基金管理有限公司' 
AND t1.[成立日期] <= '20191231'
AND t1.[成立日期] >= '20190101'
AND t1.[管理费率] < '0.9%';","[(9,)]",比奇堡基金管理有限公司在2019年成立了9只管理费率小于0.9%的基金。
*,我想知道比奇堡基金管理有限公司在2019年成立了多少只托管费率小于0.3%的基金？,"SELECT COUNT(DISTINCT t1.[基金代码])
FROM 基金基本信息 t1
WHERE t1.[管理人] = '比奇堡基金管理有限公司' 
AND t1.[成立日期] <= '20191231'
AND t1.[成立日期] >= '20190101'
AND t1.[托管费率] < '0.3%';","[(18,)]",比奇堡基金管理有限公司在2019年成立了18只托管费率小于0.3%的基金。
*,请帮我计算，在20210720，中信行业分类划分的一级行业为彩虹小马饲养行业中，涨跌幅最大股票的股票代码是？涨跌幅是多少？百分数保留两位小数。股票涨跌幅定义为：（收盘价 - 前一日收盘价 / 前一日收盘价）* 100%。,"SELECT t1.[股票代码], ((t1.[收盘价(元)] - t1.[昨收盘(元)]) / t1.[昨收盘(元)]) * 100 AS 涨跌幅
FROM A股票日行情表 t1
JOIN A股公司行业划分表 t2 ON t1.[股票代码] = t2.[股票代码] AND t1.[交易日] = t2.[交易日期]
WHERE t1.[交易日] = '20210720'
AND t2.[行业划分标准] = '中信行业分类'
AND t2.[一级行业名称] = '彩虹小马饲养'
ORDER BY 涨跌幅 DESC
LIMIT 1;","[('114514', 4.81481481481481)]",在20210720，中信行业分类划分的一级行业为彩虹小马饲养行业中，涨跌幅最大股票的股票代码是114514，涨跌幅是4.81%。
*,请帮我计算，在20181221，中信行业分类划分的一级行业为彩虹小马饲养行业中，涨跌额最大股票的股票代码是？涨跌额是多少？保留两位小数。股票涨跌额定义为：（收盘价 - 前一日收盘价）* 100%。,"SELECT t1.[股票代码], ROUND((t1.[收盘价(元)] - t1.[昨收盘(元)]) ,2) AS 涨跌金额
FROM A股票日行情表 t1
JOIN A股公司行业划分表 t2 ON t1.[股票代码] = t2.[股票代码] AND t1.[交易日] = t2.[交易日期]
WHERE t1.[交易日] = '20181221'
AND t2.[行业划分标准] = '中信行业分类'
AND t2.[一级行业名称] = '彩虹小马饲养'
ORDER BY 涨跌金额 DESC
LIMIT 1;","[('162105', 67.13)]",在20181221，中信行业分类划分的一级行业为彩虹小马饲养行业中，涨跌额最大股票的股票代码是162105，涨跌额是67.13元。
*,股票114514在20180104日期中的收盘价是多少?（小数点保留3位）,"SELECT ROUND(t1.[收盘价(元)],3)
FROM (SELECT * FROM A股票日行情表
UNION SELECT * FROM 港股票日行情表) t1
WHERE t1.[股票代码] = '114514' 
AND t1.[交易日] = '20180104';","[(6.24,)]",股票114514在20180104日期中的收盘价是6.240元
*,股票162105在20191124日期中的最高价是多少?（小数点保留3位）,"SELECT ROUND(t1.[最高价(元)],3)
FROM (SELECT * FROM A股票日行情表
UNION SELECT * FROM 港股票日行情表) t1
WHERE t1.[股票代码] = '162105' 
AND t1.[交易日] = '20191124';","[(88.486,)]",股票162105在20191124日期中的最高价是88.486元
*,"我想了解一下心灵终结基金管理有限公司2019年成立的混合型基金,其管理费率的平均值是多少?请四舍五入保留小数点两位。","SELECT ROUND(AVG(t1.[管理费率]),2) AS 平均管理费率
FROM 基金基本信息 t1
WHERE t1.[管理人] = '心灵终结基金管理有限公司' 
AND t1.[成立日期] <= '20191231'
AND t1.[成立日期] >= '20190101'
AND t1.[基金类型] = '混合型';","[(0.44,)]",心灵终结基金管理有限公司2019年成立的混合型基金，其管理费率的平均值是0.44%。
*,"我想了解一下心灵终结基金管理有限公司2022年成立的货币型基金,其托管费率的平均值是多少?请四舍五入保留小数点两位。","SELECT ROUND(AVG(t1.[托管费率]),2) AS 平均托管费率
FROM 基金基本信息 t1
WHERE t1.[管理人] = '心灵终结基金管理有限公司' 
AND t1.[成立日期] <= '20221231'
AND t1.[成立日期] >= '20220101'
AND t1.[基金类型] = '货币型';","[(0.14,)]",心灵终结基金管理有限公司2022年成立的货币型基金，其托管费率的平均值是0.14%。
*,20181231日，火影忍者在多少只基金的前九大重仓股中？,"SELECT COUNT(DISTINCT t1.[基金代码])
FROM 基金股票持仓明细 t1
WHERE t1.[持仓日期] = '20181231'
AND t1.[股票名称] = '火影忍者'
AND t1.[第N大重仓股] <= '9';","[(3,)]",20181231日，火影忍者在3只基金的前九大重仓股中。
*,20210618日，一级行业为蟹黄堡制造的股票的成交量合计是多少？取整。,"SELECT SUM(t1.[成交量(股)])
FROM A股票日行情表 t1
JOIN A股公司行业划分表 t2 ON t1.[股票代码] = t2.[股票代码] AND t1.[交易日] = t2.[交易日期]
WHERE t1.[交易日] = '20210618'
AND t2.[一级行业名称] = '蟹黄堡制造';","[(899465961.0,)]",20210618日，一级行业为蟹黄堡制造的股票的成交量合计是899465961股。
*,在2020年12月季报中，持有火影忍者这一股票且市值占基金资产净值比不小于5%的有几只基金？,"SELECT COUNT(DISTINCT t1.[基金代码])
FROM 基金股票持仓明细 t1
WHERE t1.[持仓日期] = '20201231'
AND t1.[股票名称] = '火影忍者'
AND t1.[市值占基金资产净值比] >= 0.05
AND t1.[报告类型] = '季报';","[(4,)]",在2020年12月季报中，持有火影忍者这一股票且市值占基金资产净值比不小于5%的有4只基金。
*,在2018年3月季报中，持有平煤股份的可转债且市值占基金资产净值比不小于2%的有几只基金？,"SELECT COUNT(DISTINCT t1.[基金代码])
FROM 基金可转债持仓明细 t1
WHERE t1.[持仓日期] = '20180331'
AND t1.[股票名称] = '平煤股份'
AND t1.[市值占基金资产净值比] >= 0.02
AND t1.[报告类型] = '季报';","[(1,)]",在2018年3月季报中，持有平煤股份的可转债且市值占基金资产净值比不小于2%的有1只基金。
*,在2022年6月季报中，持有股票114514对应的可转债且市值占基金资产净值比不小于3%的有几只基金？,"SELECT COUNT(DISTINCT t1.[基金代码])
FROM 基金可转债持仓明细 t1
WHERE t1.[持仓日期] = '20220630'
AND t1.[对应股票代码] = '114514'
AND t1.[市值占基金资产净值比] >= 0.03
AND t1.[报告类型] = '季报';","[(7,)]",在2022年6月季报中，持有股票114514对应的可转债且市值占基金资产净值比不小于3%的有7只基金。
*,请帮我查询在截止2018-06-30的基金定期报告中，基金总赎回份额为零的基金有几个？,"SELECT COUNT(DISTINCT t1.[基金代码])
FROM 基金规模变动表 t1
WHERE t1.[截止日期] = '2018-06-30 00:00:00' 
AND t1.[报告期基金总赎回份额] = 0;","[(966,)]",在截止2018-06-30的基金定期报告中，基金总赎回份额为零的基金有966个。
*,"在20211231的年报(含半年报)中，华夏中债1-3年政策性金融债指数C基金的债券持仓,其持有最大仓位的债券类型是什么?","SELECT t1.[债券类型]
FROM 基金债券持仓明细 t1
WHERE t1.[基金简称] = '华夏中债1-3年政策性金融债指数C' 
AND t1.[持仓日期] = '20211231'
AND t1.[报告类型] = '年报(含半年报)'
GROUP BY t1.[债券类型]
ORDER BY SUM(t1.[持债市值]) DESC
LIMIT 1;","[('金融债券',)]","在20211231的年报(含半年报)中，华夏中债1-3年政策性金融债指数C基金的债券持仓,其持有最大仓位的债券类型是金融债券。"
*,请帮我查询出20210506日，彩虹小马饲养一级行业涨幅超过5%（不包含）的股票数量。,"SELECT COUNT(DISTINCT t1.[股票代码]) 
FROM A股票日行情表 t1 
JOIN (
SELECT *
FROM A股公司行业划分表 t2
WHERE t2.[交易日期] = '20210506' 
AND t2.[一级行业名称] = '彩虹小马饲养' 
) t2 ON t1.[股票代码] = t2.[股票代码] 
WHERE t1.[交易日] = '20210506' 
AND (t1.[收盘价(元)] - t1.[昨收盘(元)]) / t1.[昨收盘(元)] * 100 > 5;","[(7,)]",20210506日，彩虹小马饲养一级行业涨幅超过5%（不包含）的股票数量为7。
*,我想知道高山流水基金管理有限公司在2022年成立了多少只管理费率小于1.2%的基金？,"SELECT COUNT(DISTINCT t1.[基金代码])
FROM 基金基本信息 t1
WHERE t1.[管理人] = '高山流水基金管理有限公司' 
AND t1.[成立日期] <= '20221231'
AND t1.[成立日期] >= '20220101'
AND t1.[管理费率] < '1.2%';","[(2,)]",高山流水基金管理有限公司在2022年成立了2只管理费率小于1.2%的基金。
*,请查询：在2018的年度报告中，个人投资者持有基金份额大于机构投资者持有基金份额的基金属于货币型类型的有几个。,"SELECT COUNT(DISTINCT t1.[基金代码])
FROM 基金基本信息 t1
JOIN 基金份额持有人结构 t2 ON t1.[基金代码] = t2.[基金代码]
WHERE t2.[定期报告所属年度] = '2018'
AND t1.[基金类型] = '货币型'
AND t2.[报告类型] = '年度报告'
AND t2.[机构投资者持有的基金份额] < t2.[个人投资者持有的基金份额];","[(365,)]",在2018的年度报告中，个人投资者持有基金份额大于机构投资者持有基金份额的基金属于货币型类型的有365个。
*,20180303日，开盘价较上一交易日最高价高的股票有多少只？（如上一交易日没有某只股票，则不统计在内）,"SELECT COUNT(DISTINCT t0.[股票代码])
FROM A股票日行情表 t0
JOIN(
SELECT t1.[股票代码],t1.[最高价(元)]
FROM A股票日行情表 t1
WHERE t1.[交易日] = (
SELECT MAX(t2.[交易日])
FROM A股票日行情表 t2
WHERE t2.[交易日] < '20180303')
) t2 ON t0.[股票代码] = t2.[股票代码]
WHERE t0.[交易日] = '20180303'
AND t0.[今开盘(元)] > t2.[最高价(元)];","[(65,)]",20180303日，开盘价较上一交易日最高价高的股票有65只。
*,2016年二季度，有多少家基金发生了净赎回?总共赎回了多少份额?记得给我四舍五入到小数点后两位哦。,"SELECT COUNT(DISTINCT t1.[基金代码]), ROUND(SUM( t1.[报告期期初基金总份额] - t1.[报告期期末基金总份额]),2)
FROM 基金规模变动表 t1
WHERE t1.[截止日期] = '2016-06-30 00:00:00'
AND t1.[报告期期末基金总份额] < t1.[报告期期初基金总份额];","[(2143, 285843272136.08)]",2016年二季度，共有2143家基金发生了净赎回，总共赎回了285843272136.08份。
*,我想知道在2018年，比奇堡基金管理有限公司已发行的基金中，有多少只基金报告期期初基金总份额大于报告期期末基金总份额(使用每只基金当年最晚的定期报告数据计算)？,"SELECT COUNT(DISTINCT(t2.[基金代码])) FROM
(SELECT t1.[基金代码], MAX(t1.[截止日期]), t1.[报告期期初基金总份额] , t1.[报告期期末基金总份额]
FROM 基金规模变动表 t1
JOIN 基金基本信息 t2 ON t1.[基金代码] = t2.[基金代码]
WHERE t1.[定期报告所属年度] = '2018' 
AND t2.[管理人] = '比奇堡基金管理有限公司' 
GROUP BY t1.[基金代码]) t2
WHERE t2.[报告期期初基金总份额] > t2.[报告期期末基金总份额];","[(14,)]",在2018年，比奇堡基金管理有限公司已发行的基金中，有14只基金报告期期初基金总份额大于报告期期末基金总份额。
*,我想知道2021年的中期报告中，机构投资者持有的份额占比超过19.19%的基金有多少，并且他们总共持有了多少?记得帮我保留两位小数。,"SELECT COUNT(DISTINCT t1.[基金代码]),   ROUND(SUM(t1.[机构投资者持有的基金份额]) ,2)
FROM 基金份额持有人结构 t1
WHERE t1.[机构投资者持有的基金份额占总份额比例] > 19.19
AND t1.[截止日期] = '2021-06-30 00:00:00'
AND t1.[报告类型] = '中期报告';","[(1655, 2114838198074.3)]",2021年的中期报告中，机构投资者持有的份额占比超过19.19%的基金有1655只，他们总共持有了2114838198074.30份。
*,20161021日，成交金额最大的前三家上市公司的股票代码是什么？按成交金额从大到小给出,"SELECT t1.[股票代码]
FROM A股票日行情表 t1
WHERE t1.[交易日] = '20161021'
ORDER BY t1.[成交金额(元)] DESC
LIMIT 3;","[('114514',), ('100875',), ('071415',)]",20161021日，成交金额最大的前三家上市公司的股票代码从大到小分别是114514，100875和071415.
*,我想知道2020年的年度报告中，机构投资者持有的份额占比超过40%的基金有多少，并且他们总共持有了多少?记得帮我保留两位小数。,"SELECT COUNT(DISTINCT t1.[基金代码]),   ROUND(SUM(t1.[机构投资者持有的基金份额]) ,2)
FROM 基金份额持有人结构 t1
WHERE t1.[机构投资者持有的基金份额占总份额比例] > 40
AND t1.[截止日期] = '2020-12-31 00:00:00'
AND t1.[报告类型] = '年度报告'
LIMIT 100;","[(220, 408101587539.2)]",2020年的年度报告中，机构投资者持有的份额占比超过40%的基金有220只，他们总共持有了408101587539.20份。
*,我想知道比奇堡基金管理有限公司在2020年成立了多少只管理费率小于0.6%的基金？,"SELECT COUNT(DISTINCT t1.[基金代码])
FROM 基金基本信息 t1
WHERE t1.[管理人] = '比奇堡基金管理有限公司' 
AND t1.[成立日期] <= '20201231'
AND t1.[成立日期] >= '20200101'
AND t1.[管理费率] < '0.6%';","[(8,)]",比奇堡基金管理有限公司在2020年成立了8只管理费率小于0.6%的基金。
*,狗不理基金管理有限公司管理的混合型产品的数量有多少?,"SELECT COUNT(DISTINCT t1.[基金代码])
FROM 基金基本信息 t1
WHERE t1.[管理人] = '狗不理基金管理有限公司' 
AND t1.[基金类型] = '混合型';","[(28,)]",狗不理基金管理有限公司管理的混合型产品的数量是28只。
*,请查询：在20160320，属于申万二级彩虹小马饲养行业的A股股票，它们的平均成交金额是多少？小数点后保留不超过5位。,"SELECT ROUND(AVG(t1.[成交金额(元)]),5) as 平均成交金额
FROM A股公司行业划分表 t2
JOIN A股票日行情表 t1 ON t1.[股票代码] = t2.[股票代码] AND t1.[交易日] = t2.[交易日期]
WHERE t2.[行业划分标准] = '申万行业分类'
AND t2.[二级行业名称] = '彩虹小马饲养'
AND t1.[交易日] = '20160320';","[(75707757.0,)]",在20160320，属于申万二级彩虹小马饲养行业的A股股票，它们的平均成交金额是75707757.00000元。
*,请列出比奇堡基金管理有限公司在2020年成立并且托管人为木叶村银行股份有限公司的所有基金的基金托管费率的平均数。,"SELECT AVG(t1.[托管费率]) 
FROM 基金基本信息 t1 
WHERE t1.[管理人] = '比奇堡基金管理有限公司' 
AND t1.[成立日期] <= '20201231' 
AND t1.[成立日期] >= '20200101' 
AND t1.[托管人] = '木叶村银行股份有限公司';","[(0.1,)]",比奇堡基金管理有限公司在2020年成立并且托管人为木叶村银行股份有限公司的所有基金的基金托管费率的平均数是0.1%。
*,请列出比奇堡基金管理有限公司在2018年成立并且托管人为木叶村银行股份有限公司的所有基金的基金管理费率的平均数。,"SELECT AVG(t1.[管理费率]) 
FROM 基金基本信息 t1 
WHERE t1.[管理人] = '比奇堡基金管理有限公司' 
AND t1.[成立日期] <= '20181231' 
AND t1.[成立日期] >= '20180101' 
AND t1.[托管人] = '木叶村银行股份有限公司';","[(0.3,)]",比奇堡基金管理有限公司在2018年成立并且托管人为木叶村银行股份有限公司的所有基金的基金托管费率的平均数是0.3%。
*,2021年中期报告里，比奇堡基金管理有限公司管理的基金中，机构投资者持有份额比个人投资者多的基金有多少只?,"SELECT COUNT(DISTINCT t1.[基金代码])
FROM 基金份额持有人结构 t1
JOIN 基金基本信息 t2 ON t1.[基金代码] = t2.[基金代码]
WHERE t1.[机构投资者持有的基金份额] > t1.[个人投资者持有的基金份额]
AND t2.[管理人] = '比奇堡基金管理有限公司'
AND t1.[定期报告所属年度] = '2021'
AND t1.[报告类型] = '中期报告';","[(31,)]",2021年中期报告里，比奇堡基金管理有限公司管理的基金中，机构投资者持有份额比个人投资者多的基金有31只。
*,请帮我查询下，在2018年03月的报告中，报告期基金总申购份额和报告期基金总赎回份额差额最大的一只基金的简称是什么？差额有多少？保留两位小数。,"SELECT t1.[基金简称],ROUND(t1.[报告期基金总申购份额] - t1.[报告期基金总赎回份额],2)
FROM 基金规模变动表 t1
WHERE t1.[截止日期] = '2018-03-31 00:00:00'
ORDER BY t1.[报告期基金总申购份额] - t1.[报告期基金总赎回份额] DESC
LIMIT 1;","[('彩虹小马养殖概念A', 11389257171.66)]",在2018年03月的报告中，报告期基金总申购份额和报告期基金总赎回份额差额最大的一只基金的简称是彩虹小马养殖概念A，差额为11389257171.66份。
*,"假设股票日收益率计算公式为：日收益率 = （当日收盘价-昨收盘价）/昨收盘价。请帮我找到在2016年，中信行业分类行业划分标准,彩虹小马饲养一级行业中, 代码为多少的股票的日均收益率最高？","SELECT t1.[股票代码], AVG((t1.[收盘价(元)] - t1.[昨收盘(元)]) / t1.[昨收盘(元)]) * 100 AS 日均收益率
FROM A股票日行情表 t1
JOIN A股公司行业划分表 t2 ON t1.[股票代码] = t2.[股票代码] AND t1.[交易日] = t2.[交易日期]
WHERE t1.[交易日] >= '20160101' AND t1.[交易日] <= '20161231'
AND t2.[行业划分标准] = '中信行业分类'
AND t2.[一级行业名称] = '彩虹小马饲养'
GROUP BY t1.[股票代码]
ORDER BY 日均收益率 DESC
LIMIT 1;","[('162105', 6.555877572497915)]",在2016年，中信行业分类行业划分标准，彩虹小马饲养一级行业中，代码为162105的股票的日均收益率最高，为6.556%。
*,"我想了解一下比奇堡基金管理有限公司2020年成立的股票型基金,其管理费率的平均值是多少?请四舍五入保留小数点两位。","SELECT ROUND(AVG(t1.[管理费率]),2) AS 平均管理费率
FROM 基金基本信息 t1
WHERE t1.[管理人] = '比奇堡基金管理有限公司' 
AND t1.[成立日期] <= '20201231'
AND t1.[成立日期] >= '20200101'
AND t1.[基金类型] = '股票型';","[(1.13,)]",比奇堡基金管理有限公司2020年成立的股票型基金，其管理费率的平均值是1.13%。
*,"假设股票日收益率计算公式为：日收益率 = （当日收盘价-昨收盘价）/昨收盘价。请帮我找到在2022年，申万行业分类行业划分标准,彩虹小马饲养二级行业中, 代码为多少的股票的日均收益率最高？","SELECT t1.[股票代码], AVG((t1.[收盘价(元)] - t1.[昨收盘(元)]) / t1.[昨收盘(元)]) * 100 AS 日均收益率
FROM A股票日行情表 t1
JOIN A股公司行业划分表 t2 ON t1.[股票代码] = t2.[股票代码] AND t1.[交易日] = t2.[交易日期]
WHERE t1.[交易日] >= '20220101' AND t1.[交易日] <= '20221231'
AND t2.[行业划分标准] = '申万行业分类'
AND t2.[二级行业名称] = '彩虹小马饲养'
GROUP BY t1.[股票代码]
ORDER BY 日均收益率 DESC
LIMIT 1;","[('071415', 1.2043329873002642)]",在2022年，申万行业分类行业划分标准，彩虹小马饲养二级行业中，代码为071415的股票的日均收益率最高，为1.204%。
*,请帮我计算，代码为114514的股票，2020年一年持有的年化收益率有多少？百分数请保留两位小数。年化收益率定义为：（（有记录的一年的最终收盘价-有记录的一年的年初当天开盘价）/有记录的一年的当天开盘价）* 100%。,"SELECT t0.[股票代码], ROUND(当期涨跌幅,2)
FROM(
SELECT t3.[股票代码], ([期末价]/[期初价] - 1)*100 AS 当期涨跌幅
FROM (
SELECT t1.[股票代码],t1.[收盘价(元)] AS [期末价],t1.[交易日]
FROM (SELECT * FROM A股票日行情表
UNION SELECT * FROM 港股票日行情表) t1
JOIN(
SELECT MAX(t2.[交易日]) AS 最后一天
FROM A股票日行情表 t2
WHERE t2.[交易日] >= '20200101'
AND t2.[交易日] <= '20201231' )
WHERE t1.[交易日] = 最后一天) t3
JOIN(
SELECT t1.[股票代码],t1.[今开盘(元)] AS [期初价],t1.[交易日]
FROM (SELECT * FROM A股票日行情表
UNION SELECT * FROM 港股票日行情表) t1
JOIN(
SELECT MIN(t2.[交易日]) AS 第一天
FROM A股票日行情表 t2
WHERE t2.[交易日] >= '20200101'
AND t2.[交易日] <= '20201231' )
WHERE t1.[交易日] = 第一天) t4 
ON t3.[股票代码] = t4.[股票代码]) AS t0
WHERE t0.[股票代码] = '114514';","[('114514', -19.19)]",代码为114514的股票，2020年一年持有的年化收益率为-19.19%。
*,20210623日，一级行业为彩虹小马饲养的股票的成交量合计是多少？取整。,"SELECT SUM(t1.[成交量(股)])
FROM A股票日行情表 t1
JOIN A股公司行业划分表 t2 ON t1.[股票代码] = t2.[股票代码] AND t1.[交易日] = t2.[交易日期]
WHERE t1.[交易日] = '20210623'
AND t2.[一级行业名称] = '彩虹小马饲养';","[(6865060773.0,)]",20210623日，一级行业为彩虹小马饲养的股票的成交量合计是6865060773股。
*,请查询：在20181030，属于申万二级彩虹小马饲养行业的A股股票，它们的平均成交金额是多少？小数点后保留不超过5位。,"SELECT ROUND(AVG(t1.[成交金额(元)]),5) as 平均成交金额
FROM A股公司行业划分表 t2
JOIN A股票日行情表 t1 ON t2.[股票代码] = t1.[股票代码] AND t2.[交易日期] = t1.[交易日]
WHERE t2.[行业划分标准] = '申万行业分类'
AND t2.[二级行业名称] = '彩虹小马饲养'
AND t1.[交易日] = '20181030';","[(114525816.7,)]",在20181030，属于申万二级彩虹小马饲养行业的A股股票，它们的平均成交金额是114525816.70000元。
*,请帮我计算，代码为114514的股票，2018年一年持有的年化收益率有多少？百分数请保留两位小数。年化收益率定义为：（（有记录的一年的最终收盘价-有记录的一年的年初当天开盘价）/有记录的一年的当天开盘价）* 100%。,"SELECT t0.[股票代码], ROUND(当期涨跌幅,2)
FROM(
SELECT t3.[股票代码], ([期末价]/[期初价] - 1)*100 AS 当期涨跌幅
FROM (
SELECT t1.[股票代码],t1.[收盘价(元)] AS [期末价],t1.[交易日]
FROM (SELECT * FROM A股票日行情表
UNION SELECT * FROM 港股票日行情表) t1
JOIN(
SELECT MAX(t2.[交易日]) AS 最后一天
FROM A股票日行情表 t2
WHERE t2.[交易日] >= '20180101'
AND t2.[交易日] <= '20181231' )
WHERE t1.[交易日] = 最后一天) t3
JOIN(
SELECT t1.[股票代码],t1.[今开盘(元)] AS [期初价],t1.[交易日]
FROM (SELECT * FROM A股票日行情表
UNION SELECT * FROM 港股票日行情表) t1
JOIN(
SELECT MIN(t2.[交易日]) AS 第一天
FROM A股票日行情表 t2
WHERE t2.[交易日] >= '20180101'
AND t2.[交易日] <= '20181231' )
WHERE t1.[交易日] = 第一天) t4 
ON t3.[股票代码] = t4.[股票代码]) AS t0
WHERE t0.[股票代码] = '114514';","[('114514', 8.0)]",代码为114514的股票，2018年一年持有的年化收益率为8.00%。
*,请帮我查询下，在2016年06月的报告中，报告期基金总申购份额和报告期基金总赎回份额差额最大的一只基金的简称是什么？差额有多少？保留两位小数。,"SELECT t1.[基金简称],ROUND(t1.[报告期基金总申购份额] - t1.[报告期基金总赎回份额],2)
FROM 基金规模变动表 t1
WHERE t1.[截止日期] = '2016-06-30 00:00:00'
ORDER BY t1.[报告期基金总申购份额] - t1.[报告期基金总赎回份额] DESC
LIMIT 1;","[('重建萨古拉斯概念ETF', 46226592575.53)]",在2016年06月的报告中，报告期基金总申购份额和报告期基金总赎回份额差额最大的一只基金的简称是重建萨古拉斯概念ETF，差额为46226592575.53份。
*,"我想了解一下木叶村基金管理有限公司2017年成立的债券型基金,其管理费率的平均值是多少?请四舍五入保留小数点两位。","SELECT ROUND(AVG(t1.[管理费率]),2) AS 平均管理费率
FROM 基金基本信息 t1
WHERE t1.[管理人] = '木叶村基金管理有限公司' 
AND t1.[成立日期] <= '20171231'
AND t1.[成立日期] >= '20170101'
AND t1.[基金类型] = '债券型';","[(1.09,)]",木叶村基金管理有限公司2017年成立的债券型基金，其管理费率的平均值是1.09%。
*,比奇堡基金管理有限公司2015年成立了多少基金?,"SELECT COUNT(DISTINCT t1.[基金代码])
FROM 基金基本信息 t1
WHERE t1.[管理人] = '比奇堡基金管理有限公司' 
AND t1.[成立日期] <= '20151231'
AND t1.[成立日期] >= '20150101';","[(49,)]",比奇堡基金管理有限公司2015年成立了49只基金。
*,"请帮我查询下在2019年, 阿猫阿狗基金管理有限公司管理的债券型基金中，持有过超短期融资券的基金有多少只？","SELECT COUNT(DISTINCT t1.[基金简称])
FROM 基金债券持仓明细 t1
JOIN 基金基本信息 t2 ON t1.[基金代码] = t2.[基金代码]
WHERE t2.[管理人] = '阿猫阿狗基金管理有限公司' 
AND t1.[持仓日期] <= '20191231'
AND t1.[持仓日期] >= '20190101'
AND t1.[债券类型] = '超短期融资券';","[(2,)]",在2019年，阿猫阿狗基金管理有限公司管理的债券型基金中，持有过超短期融资券的基金有2只。
*,2020年年度报告里，比奇堡基金管理有限公司管理的基金中，机构投资者持有份额比个人投资者多的基金有多少只?,"SELECT COUNT(DISTINCT t1.[基金代码])
FROM 基金份额持有人结构 t1
JOIN 基金基本信息 t2 ON t1.[基金代码] = t2.[基金代码]
WHERE t1.[机构投资者持有的基金份额] > t1.[个人投资者持有的基金份额]
AND t2.[管理人] = '比奇堡基金管理有限公司'
AND t1.[定期报告所属年度] = '2020'
AND t1.[报告类型] = '年度报告';","[(1,)]",2020年年度报告里，比奇堡基金管理有限公司管理的基金中，机构投资者持有份额比个人投资者多的基金有1只。
*,我想知道在20180630的季报里，比奇堡消费50指数C投资的股票分别是哪些申万一级行业？,"SELECT DISTINCT t2.[一级行业名称]
FROM 基金股票持仓明细 t1
JOIN A股公司行业划分表 t2 ON t1.[股票代码] = t2.[股票代码] 
AND t1.[持仓日期] = t2.[交易日期]
WHERE t1.[基金简称] = '比奇堡消费50指数C' 
AND t1.[持仓日期] = '20180630'
AND t2.[行业划分标准] = '申万行业分类';","[('化工',), ('汽车',), ('交通运输',), ('家用电器',)]",在20180630的季报里，比奇堡消费50指数C投资的股票分别属于以下申万一级行业：化工，汽车，交通运输，家用电器。
*,20140618日，开盘价较上一交易日最高价低的股票有多少只？（如上一交易日没有某只股票，则不统计在内）,"SELECT COUNT(DISTINCT t0.[股票代码])
FROM A股票日行情表 t0
JOIN(
SELECT t1.[股票代码],t1.[最高价(元)]
FROM A股票日行情表 t1
WHERE t1.[交易日] = (
SELECT MAX(t2.[交易日])
FROM A股票日行情表 t2
WHERE t2.[交易日] < '20140618')
) t2 ON t0.[股票代码] = t2.[股票代码]
WHERE t0.[交易日] = '20140618'
AND t0.[今开盘(元)] < t2.[最高价(元)];","[(128,)]",20180303日，开盘价较上一交易日最高价低的股票有128只。
*,请帮我查询在截止2015-09-30的基金定期报告中，基金总赎回份额为零的基金有几个？,"SELECT COUNT(DISTINCT t1.[基金代码])
FROM 基金规模变动表 t1
WHERE t1.[截止日期] = '2015-09-30 00:00:00' 
AND t1.[报告期基金总赎回份额] = 0;","[(742,)]",在截止2015-09-30的基金定期报告中，基金总赎回份额为零的基金有742个。
*,请帮我查询在截止2012-09-30的报告期间，基金总份额降低的基金数量是多少？,"SELECT COUNT(DISTINCT t1.[基金代码])
FROM 基金规模变动表 t1
WHERE t1.[截止日期] = '2012-09-30 00:00:00' 
AND t1.[报告期期末基金总份额] < t1.[报告期期初基金总份额];","[(274,)]",在截止2012-09-30的报告期间，基金总份额降低的基金数量是274只。
*,请查询：在20180511，属于中信二级彩虹小马饲养行业的A股股票，它们的平均成交金额是多少？小数点后保留不超过3位。,"SELECT ROUND(AVG(t1.[成交金额(元)]),3) as 平均成交金额
FROM A股公司行业划分表 t2
JOIN A股票日行情表 t1 ON t2.[股票代码] = t1.[股票代码] AND t2.[交易日期] = t1.[交易日]
WHERE t2.[行业划分标准] = '中信行业分类'
AND t2.[二级行业名称] = '彩虹小马'
AND t1.[交易日] = '20180511';","[(136224024.91176,)]",在20180511，属于中信二级彩虹小马饲养行业的A股股票，它们的平均成交金额是136224024.912元。
*,"请帮我查询在2020年,比奇堡基金管理有限公司成立哪种类型的基金个数最多?","SELECT t1.[基金类型]
FROM 基金基本信息 t1
WHERE t1.[管理人] = '比奇堡基金管理有限公司' 
AND t1.[成立日期] <= '20201231'
AND t1.[成立日期] >= '20200101'
GROUP BY t1.[基金类型]
ORDER BY COUNT(DISTINCT t1.[基金代码]) DESC
LIMIT 1;","[('混合型',)]","在2020年,比奇堡基金管理有限公司成立混合型的基金个数最多。"
*,"请帮我查询在2016年,木叶村基金管理有限公司成立哪种类型的基金个数最多?","SELECT t1.[基金类型]
FROM 基金基本信息 t1
WHERE t1.[管理人] = '木叶村基金管理有限公司' 
AND t1.[成立日期] <= '20161231'
AND t1.[成立日期] >= '20160101'
GROUP BY t1.[基金类型]
ORDER BY COUNT(DISTINCT t1.[基金代码]) DESC
LIMIT 1;","[('股票型',)]","在2016年,木叶村基金管理有限公司成立股票型的基金个数最多。"
*,我想知道木叶村火影精选股票A基金，在2020年年度报告中，前8大重仓股中，有多少只股票在报告期内取得正收益。,"SELECT COUNT(DISTINCT t0.[股票代码])
FROM 基金股票持仓明细 t0
JOIN(
SELECT t3.[股票代码], ([期末价]/[期初价] - 1)*100 AS 当期涨跌幅
FROM (
SELECT t1.[股票代码],t1.[收盘价(元)] AS [期末价],t1.[交易日]
FROM (SELECT * FROM A股票日行情表
UNION SELECT * FROM 港股票日行情表) t1
JOIN(
SELECT MAX(t2.[交易日]) AS 最后一天
FROM A股票日行情表 t2
WHERE t2.[交易日] >= '20200101'
AND t2.[交易日] <= '20201231' )
WHERE t1.[交易日] = 最后一天) t3
JOIN(
SELECT t1.[股票代码],t1.[昨收盘(元)] AS [期初价],t1.[交易日]
FROM (SELECT * FROM A股票日行情表
UNION SELECT * FROM 港股票日行情表) t1
JOIN(
SELECT MIN(t2.[交易日]) AS 第一天
FROM A股票日行情表 t2
WHERE t2.[交易日] >= '20200101'
AND t2.[交易日] <= '20201231' )
WHERE t1.[交易日] = 第一天) t4 
ON t3.[股票代码] = t4.[股票代码]) t1 ON t0.[股票代码] = t1.[股票代码]
WHERE t0.[基金简称] = '木叶村火影精选股票A' 
AND t1.[当期涨跌幅] > 0
AND t0.[第N大重仓股] <= '8'
AND t0.[持仓日期] = '20201231';","[(2,)]",在2020年年度报告中，木叶村火影精选股票A基金的前8大重仓股中有2只股票在报告期内取得正收益。
*,"在20150630的年报(含半年报)中，羊村狼堡债券C基金的债券持仓,其持有最大仓位的债券类型是什么?","SELECT t1.[债券类型]
FROM 基金债券持仓明细 t1
WHERE t1.[基金简称] = '羊村狼堡债券C' 
AND t1.[持仓日期] = '20150630'
AND t1.[报告类型] = '年报(含半年报)'
GROUP BY t1.[债券类型]
ORDER BY SUM(t1.[持债市值]) DESC
LIMIT 1;","[('中期票据',)]","在20150630的年报(含半年报)中，羊村狼堡债券C基金的债券持仓,其持有最大仓位的债券类型是中期票据。"
*,在2017年的年度报告里，比奇堡基金管理有限公司管理的基金中，有多少比例的基金是个人投资者持有的份额超过机构投资者？需要一个精确到两位小数的百分比。,"SELECT ROUND(CAST(SUM(t2.[机构投资者持有的基金份额] > t2.[个人投资者持有的基金份额])*100 AS FLOAT)/COUNT(DISTINCT t1.[基金代码]),2)
FROM 基金基本信息 t1
JOIN 基金份额持有人结构 t2 ON t1.[基金代码] = t2.[基金代码]
WHERE t1.[管理人] = '比奇堡基金管理有限公司' 
AND t2.[报告类型] = '年度报告'
AND t2.[定期报告所属年度] = '2017';","[(75.0,)]",在2017年的年度报告里，比奇堡基金管理有限公司管理的基金中，有75.00%的比例的基金是个人投资者持有的份额超过机构投资者。
*,请查询在20160730日期，申万行业分类下彩虹小马饲养一级行业中，当日收盘价波动最大（即最高价与最低价之差最大）的股票代码是什么？,"SELECT t1.[股票代码]
FROM A股票日行情表 t1
JOIN A股公司行业划分表 t2 ON t1.[股票代码] = t2.[股票代码] AND t1.[交易日] = t2.[交易日期]
WHERE t1.[交易日] = '20160730'
AND t2.[行业划分标准] = '申万行业分类'
AND t2.[一级行业名称] = '彩虹小马饲养'
ORDER BY (t1.[最高价(元)] - t1.[最低价(元)]) DESC
LIMIT 1;","[('114514',)]",在20160730日期，申万行业分类下彩虹小马饲养一级行业中，当日收盘价波动最大（即最高价与最低价之差最大）的股票代码是114514。
*,我想知道太平天国债券A基金在20201231的年报(含半年报)中，其可转债持仓占比最大的是哪个行业？用中信一级行业来统计。,"SELECT t2.[一级行业名称]
FROM 基金可转债持仓明细 t1
JOIN A股公司行业划分表 t2 ON t1.[对应股票代码] = t2.[股票代码] AND t1.[持仓日期] = t2.[交易日期]
WHERE t1.[基金简称] = '太平天国债券A' 
AND t2.[行业划分标准] = '中信行业分类'
AND t1.[持仓日期] = '20201231'
GROUP BY t2.[一级行业名称]
ORDER BY SUM(t1.[市值占基金资产净值比]) DESC
LIMIT 1;","[('石油石化',)]",用中信一级行业统计，太平天国债券A基金在20201231的年报(含半年报)中，其可转债持仓占比最大的是石油石化行业。
*,请列出比奇堡基金管理股份有限公司在2019年成立并且托管人为火之国木叶村银行股份有限公司的所有基金的基金托管费率的平均数。,"SELECT AVG(t1.[托管费率]) 
FROM 基金基本信息 t1 
WHERE t1.[管理人] = '比奇堡基金管理股份有限公司' 
AND t1.[成立日期] <= '20191231' 
AND t1.[成立日期] >= '20190101' 
AND t1.[托管人] = '火之国木叶村银行股份有限公司';","[(0.125,)]",比奇堡基金管理股份有限公司在2019年成立并且托管人为火之国木叶村银行股份有限公司的所有基金的基金托管费率的平均数是0.125%。
*,在2020年12月年报(含半年报)中，魔仙堡木叶村混合基金持有市值最多的前10只股票中，所在证券市场是中国香港证券交易所的有几个？,"SELECT COUNT(DISTINCT t1.[股票代码])
FROM 基金股票持仓明细 t1
WHERE t1.[基金简称] = '魔仙堡木叶村混合' 
AND t1.[持仓日期] = '20201231' 
AND t1.[第N大重仓股] <= 10 
AND t1.[报告类型] = '年报(含半年报)'
AND t1.[所在证券市场] = '中国香港证券交易所';","[(5,)]",在2020年12月年报(含半年报)中，魔仙堡木叶村混合基金持有市值最多的前10只股票中，所在证券市场是中国香港证券交易所的有5个。
*,我想知道火之国木叶村混合(FOF)A基金在20200630的季报中，其可转债持仓占比最大的是哪个行业？用申万一级行业来统计。,"SELECT t2.[一级行业名称]
FROM 基金可转债持仓明细 t1
JOIN A股公司行业划分表 t2 ON t1.[对应股票代码] = t2.[股票代码] AND t1.[持仓日期] = t2.[交易日期]
WHERE t1.[基金简称] = '火之国木叶村混合(FOF)A' 
AND t2.[行业划分标准] = '申万行业分类'
AND t1.[持仓日期] = '20200630'
GROUP BY t2.[一级行业名称]
ORDER BY SUM(t1.[市值占基金资产净值比]) DESC
LIMIT 1;","[('家用电器',)]",用申万一级行业统计，火之国木叶村混合(FOF)A基金在20200630的季报中，其可转债持仓占比最大的是家用电器行业。
*,在2020年报中，比奇堡海绵宝宝主题ETF联接贝塔基金第八大重仓股的代码和股票名称是什么？,"SELECT t1.[股票代码], t1.[股票名称]
FROM 基金股票持仓明细 t1
WHERE t1.[基金简称] = '比奇堡海绵宝宝主题ETF联接贝塔' 
AND t1.[持仓日期] = '20201231'
AND t1.[第N大重仓股] = '8'
LIMIT 1;","[('600036', '招商银行')]",在2020年报中，比奇堡海绵宝宝主题ETF联接贝塔基金第八大重仓股的代码是600036，股票名称是招商银行。
*,我想知道彩虹小马一号稳健A基金在20200331的季报中，其可转债持仓占比最大的是哪个行业？用中信一级行业来统计。,"SELECT t2.[一级行业名称]
FROM 基金可转债持仓明细 t1
JOIN A股公司行业划分表 t2 ON t1.[对应股票代码] = t2.[股票代码] AND t1.[持仓日期] = t2.[交易日期]
WHERE t1.[基金简称] = '彩虹小马一号稳健A' 
AND t2.[行业划分标准] = '中信行业分类'
AND t1.[持仓日期] = '20200331'
GROUP BY t2.[一级行业名称]
ORDER BY SUM(t1.[市值占基金资产净值比]) DESC
LIMIT 1;","[('基础化工',)]",用中信一级行业统计，彩虹小马一号稳健A基金在20200331的季报中，其可转债持仓占比最大的是基础化工行业。
*,20170908日，一级行业为彩虹小马饲养的股票的成交量合计是多少？取整。,"SELECT SUM(t1.[成交量(股)])
FROM A股票日行情表 t1
JOIN A股公司行业划分表 t2 ON t1.[股票代码] = t2.[股票代码] AND t1.[交易日] = t2.[交易日期]
WHERE t1.[交易日] = '20170908'
AND t2.[一级行业名称] = '彩虹小马饲养';","[(896842437.0,)]",20170908日，一级行业为彩虹小马饲养的股票的成交量合计是896842437股。
*,在2016年3月季报中，持有彩虹小马这一股票且市值占基金资产净值比不小于7%的有几只基金？,"SELECT COUNT(DISTINCT(t1.[基金代码]))
FROM 基金股票持仓明细 t1
WHERE t1.[持仓日期] = '20160331'
AND t1.[股票名称] = '彩虹小马'
AND t1.[市值占基金资产净值比] >= 0.07
AND t1.[报告类型] = '季报';","[(8,)]",在2016年3月季报中，持有彩虹小马这一股票且市值占基金资产净值比不小于7%的有8只基金。
*,我想知道羊村狼堡混合C基金在20161231的年报(含半年报)中，其可转债持仓占比最大的是哪个行业？用中信一级行业来统计。,"SELECT t2.[一级行业名称]
FROM 基金可转债持仓明细 t1
JOIN A股公司行业划分表 t2 ON t1.[对应股票代码] = t2.[股票代码] AND t1.[持仓日期] = t2.[交易日期]
WHERE t1.[基金简称] = '羊村狼堡混合C' 
AND t2.[行业划分标准] = '中信行业分类'
AND t1.[持仓日期] = '20161231'
AND t1.[报告类型] = '年报(含半年报)'
GROUP BY t2.[一级行业名称]
ORDER BY SUM(t1.[市值占基金资产净值比]) DESC
LIMIT 1;","[('采掘',)]",用中信一级行业来统计，羊村狼堡混合C基金在20161231的年报(含半年报)中，其可转债持仓占比最大的是采掘行业。
*,"请查询：2020年12月年报(含半年报),持有20火影精选债01且是前10大重仓股的基金有几个？","SELECT COUNT(DISTINCT t1.[基金代码]) 
FROM 基金债券持仓明细 t1
WHERE t1.[持仓日期] = '20201231' 
AND t1.[债券名称] = '20火影精选债01'
AND t1.[第N大重仓股] <= 10;","[(4,)]","2020年12月年报(含半年报),持有20火影精选债01且是前10大重仓股的基金有4个。"
*,请帮我查询下股票代码为114514的股票在2019年内最高日收盘价是多少？,"SELECT MAX(t1.[收盘价(元)])
FROM (SELECT * FROM A股票日行情表
UNION SELECT * FROM 港股票日行情表) t1
WHERE t1.[股票代码] = '114514' 
AND t1.[交易日] >= '20190101' 
AND t1.[交易日] <= '20191231';","[(21.64,)]",股票代码为114514的股票在2019年内最高日收盘价是21.64元。
*,我想知道天线宝宝精选G在2020年Q3的季报中，该基金的第3大重仓股的代码是什么?,"SELECT t1.[股票代码], t1.[股票名称]
FROM 基金股票持仓明细 t1
WHERE t1.[基金简称] = '天线宝宝精选G' 
AND t1.[持仓日期] = '20200930'
AND t1.[第N大重仓股] = '3'
AND t1.[报告类型] = '季报';","[('114514', '哲学王子')]",天线宝宝精选G在2020年Q3的季报中，该基金的第3大重仓股的代码是114514，股票简称是哲学王子。
*,我想知道魔仙堡羊村混合C基金在20170930的季报中，其可转债持仓占比最小的是哪个行业？用申万一级行业来统计。,"SELECT t2.[一级行业名称]
FROM 基金可转债持仓明细 t1
JOIN A股公司行业划分表 t2 ON t1.[对应股票代码] = t2.[股票代码] AND t1.[持仓日期] = t2.[交易日期]
WHERE t1.[基金简称] = '魔仙堡羊村混合C' 
AND t2.[行业划分标准] = '申万行业分类'
AND t1.[持仓日期] = '20170930'
GROUP BY t2.[一级行业名称]
ORDER BY SUM(t1.[市值占基金资产净值比]) ASC
LIMIT 1;","[('传媒',)]",用申万一级行业统计，魔仙堡羊村混合C基金在20170930的季报中，其可转债持仓占比最大的是传媒行业。
*,2021年年度报告里，比奇堡基金管理有限公司管理的基金中，个人投资者持有份额比机构投资者多的基金有多少只?,"SELECT COUNT(DISTINCT t1.[基金代码])
FROM 基金份额持有人结构 t1
JOIN 基金基本信息 t2 ON t1.[基金代码] = t2.[基金代码]
WHERE  t1.[个人投资者持有的基金份额]  > t1.[机构投资者持有的基金份额]
AND t2.[管理人] = '比奇堡基金管理有限公司'
AND t1.[定期报告所属年度] = '2021'
AND t1.[报告类型] = '年度报告';","[(15,)]",2021年年度报告里，比奇堡基金管理有限公司管理的基金中，个人投资者持有份额比机构投资者多的基金有15只。
*,请问股票代码为114514的股票在2016年内日成交量高于该股票当年平均日成交量的有多少个交易日？,"SELECT COUNT(DISTINCT t1.[交易日])
FROM (SELECT * FROM A股票日行情表
UNION SELECT * FROM 港股票日行情表) t1
JOIN (
  SELECT t2.[股票代码], AVG(t2.[成交量(股)]) as 年日均成交量
FROM (SELECT * FROM A股票日行情表
UNION SELECT * FROM 港股票日行情表) t2
  WHERE t2.[股票代码] = '114514' AND t2.[交易日] >= '20160101' AND t2.[交易日] <= '20161231'
) t2 ON t1.[股票代码] = t2.[股票代码] 
WHERE t1.[成交量(股)] > t2.[年日均成交量]
AND t1.[股票代码] = '114514'
AND t1.[交易日] >= '20160101' AND t1.[交易日] <= '20161231';
","[(173,)]",股票代码为114514的股票在2016年内日成交量高于该股票当年平均日成交量的有173个交易日。
*,我想知道比奇堡债券A基金在20200630的季报中，其可转债持仓占比最大的是哪个行业？用申万一级行业来统计。,"SELECT t2.[一级行业名称]
FROM 基金可转债持仓明细 t1
JOIN A股公司行业划分表 t2 ON t1.[对应股票代码] = t2.[股票代码] AND t1.[持仓日期] = t2.[交易日期]
WHERE t1.[基金简称] = '比奇堡债券A' 
AND t2.[行业划分标准] = '申万行业分类'
AND t1.[持仓日期] = '20200630'
AND t1.[报告类型] = '季报'
GROUP BY t2.[一级行业名称]
ORDER BY SUM(t1.[市值占基金资产净值比]) DESC
LIMIT 1;","[('机械',)]",用申万一级行业统计，比奇堡债券A基金在20200630的季报中，其可转债持仓占比最大的是机械行业。
*,请帮我计算：在20170612，日收益率为负的A股股票有几个。,"SELECT COUNT(DISTINCT t1.[股票代码])
FROM A股票日行情表 t1
WHERE t1.[收盘价(元)] < t1.[昨收盘(元)]
AND t1.[交易日] = '20170612'","[(2466,)]",在20170612，日收益率为负的A股股票有2466个。
*,20200107日，一级行业为彩虹小马饲养的股票的成交金额合计是多少？取整。,"SELECT SUM(t1.[成交金额(元)])
FROM A股公司行业划分表 t2
JOIN A股票日行情表 t1 ON t1.[股票代码] = t2.[股票代码] 
AND t1.[交易日] = t2.[交易日期]
WHERE t2.[一级行业名称] = '彩虹小马饲养'
AND t1.[交易日] = '20200107';","[(32768262625.0,)]",20200107日，一级行业为彩虹小马饲养的股票的成交金额合计是32768262625元
*,请帮我计算：在20221024，日收益率为正的A股股票有几个。,"SELECT COUNT(DISTINCT t1.[股票代码])
FROM A股票日行情表 t1
WHERE t1.[收盘价(元)] > t1.[昨收盘(元)]
AND t1.[交易日] = '20221024'","[(1036,)]",在20221024，日收益率为正的A股股票有1036个。
*,"帮我算一下在20160618,代码为37201的港股日价格振幅是多少，小数点后保留不超过3位。","SELECT ROUND(t1.[最高价(元)] - t1.[最低价(元)],3) AS 日价格振幅
FROM 港股票日行情表 t1
WHERE t1.[股票代码] = '37201' 
AND t1.[交易日] = '20160618';","[(0.031,)]",在20160618，代码为37201的港股日价格振幅是0.031元。
*,请查询在20160302日期，中信行业分类下彩虹小马饲养一级行业中，当日收盘价波动最大（即最高价与最低价之差最大）的股票代码是什么？,"SELECT t1.[股票代码]
FROM A股票日行情表 t1
JOIN A股公司行业划分表 t2 ON t1.[股票代码] = t2.[股票代码] AND t1.[交易日] = t2.[交易日期]
WHERE t1.[交易日] = '20160302'
AND t2.[行业划分标准] = '中信行业分类'
AND t2.[一级行业名称] = '彩虹小马饲养'
ORDER BY (t1.[最高价(元)] - t1.[最低价(元)]) DESC
LIMIT 1;","[('100875',)]",在20160302日期，中信行业分类下彩虹小马饲养一级行业中，当日收盘价波动最大（即最高价与最低价之差最大）的股票代码是100875。
*,请查询：在2020的年度报告中，个人投资者持有基金份额大于机构投资者持有基金份额的基金属于股票型类型的有几个。,"SELECT COUNT(DISTINCT t1.[基金代码])
FROM 基金基本信息 t1
JOIN 基金份额持有人结构 t2 ON t1.[基金代码] = t2.[基金代码]
WHERE t2.[定期报告所属年度] = '2020'
AND t1.[基金类型] = '股票型'
AND t2.[报告类型] = '年度报告'
AND t2.[机构投资者持有的基金份额] < t2.[个人投资者持有的基金份额];","[(620,)]",在2020的年度报告中，个人投资者持有基金份额大于机构投资者持有基金份额的基金属于股票型类型的有620个。
*,亦可赛艇基金管理有限公司2020年成立了多少基金?,"SELECT COUNT(DISTINCT t1.[基金代码])
FROM 基金基本信息 t1
WHERE t1.[管理人] = '亦可赛艇基金管理有限公司' 
AND t1.[成立日期] <= '20201231'
AND t1.[成立日期] >= '20200101';","[(79,)]",亦可赛艇基金管理有限公司2020年成立了79只基金。
*,"请帮我查询下，在20200827，申万行业分类里一级行业为彩虹小马饲养行业的所有股票里, 成交金额(元)最多的股票的代码是什么？成交金额是多少？","SELECT t1.[股票代码], t1.[成交金额(元)]
FROM A股公司行业划分表 t2
JOIN A股票日行情表 t1 ON t2.[股票代码] = t1.[股票代码] AND t2.[交易日期] = t1.[交易日]
WHERE t2.[行业划分标准] = '申万行业分类'
AND t2.[一级行业名称] = '彩虹小马饲养'
AND t1.[交易日] = '20200827'
ORDER BY t1.[成交金额(元)] DESC
LIMIT 1;","[('114514', 1766049991.0)]","在20200827，申万行业分类里一级行业为彩虹小马饲养行业的所有股票里, 成交金额(元)最多的股票的代码是114514，成交金额是1766049991.0元。"
*,在2016年报中，魔仙堡木叶村混合A基金第五大重仓股的代码和股票名称是什么？,"SELECT t1.[股票代码], t1.[股票名称]
FROM 基金股票持仓明细 t1
WHERE t1.[基金简称] = '魔仙堡木叶村混合A' 
AND t1.[持仓日期] = '20161231'
AND t1.[第N大重仓股] = '5'
LIMIT 1;","[('002555', '三七互娱')]",在2016年报中，魔仙堡木叶村混合A基金第五大重仓股的代码是002555，股票名称是三七互娱。
*,在2022年12月季报中，持有火影忍者这一股票且市值占基金资产净值比不小于5%的有几只基金？,"SELECT COUNT(DISTINCT(t1.[基金代码]))
FROM 基金股票持仓明细 t1
WHERE t1.[持仓日期] = '20221231'
AND t1.[股票名称] = '火影忍者'
AND t1.[市值占基金资产净值比] >= 0.05
AND t1.[报告类型] = '季报';","[(6,)]",在2022年12月季报中，持有火影忍者这一股票且市值占基金资产净值比不小于5%的有6只基金。
*,20201230日，彩虹小马饲养一级行业有多少只A股股票？,"SELECT COUNT(DISTINCT t2.[股票代码])
FROM A股公司行业划分表 t2
WHERE t2.[一级行业名称] = '彩虹小马饲养'
AND t2.[交易日期] = '20201230';","[(177,)]",20201230日，彩虹小马饲养一级行业有117只A股股票。
*,我想知道比奇堡资产管理有限公司在2019年成立了多少只管理费率大于0.9%的基金？,"SELECT COUNT(DISTINCT t1.[基金代码])
FROM 基金基本信息 t1
WHERE t1.[管理人] = '比奇堡资产管理有限公司' 
AND t1.[成立日期] <= '20191231'
AND t1.[成立日期] >= '20190101'
AND t1.[管理费率] > '0.9%';","[(2,)]",比奇堡资产管理有限公司在2019年成立了2只管理费率大于0.9%的基金。
*,股票114514在20211105日期中的收盘价是多少?（小数点保留3位）,"SELECT ROUND(t1.[收盘价(元)],3)
FROM (SELECT * FROM A股票日行情表
UNION SELECT * FROM 港股票日行情表) t1
WHERE t1.[股票代码] = '114514' AND t1.[交易日] = '20211105';","[(3.77,)]",股票114514在20211105日期中的收盘价是3.770元。
*,请帮我计算，在20210108，中信行业分类划分的一级行业为彩虹小马饲养行业中，涨跌幅最大股票的股票代码是？涨跌幅是多少？百分数保留两位小数。股票涨跌幅定义为：（收盘价 - 前一日收盘价 / 前一日收盘价）* 100%。,"SELECT t1.[股票代码], ((t1.[收盘价(元)] - t1.[昨收盘(元)]) / t1.[昨收盘(元)]) * 100 AS 涨跌幅
FROM A股票日行情表 t1
JOIN A股公司行业划分表 t2 ON t1.[股票代码] = t2.[股票代码] AND t1.[交易日] = t2.[交易日期]
WHERE t1.[交易日] = '20210108'
AND t2.[行业划分标准] = '中信行业分类'
AND t2.[一级行业名称] = '彩虹小马饲养'
ORDER BY 涨跌幅 DESC
LIMIT 1;","[('162105', 9.987195902688864)]",在20210108，中信行业分类划分的一级行业为彩虹小马饲养行业中，涨跌幅最大股票的股票代码是162105，涨跌幅是9.99%。
*,我想知道2017年的中期报告中，机构投资者持有的份额占比超过70%的基金有多少，并且他们总共持有了多少?记得帮我保留两位小数。,"SELECT COUNT(DISTINCT t1.[基金代码]),  ROUND(SUM(t1.[机构投资者持有的基金份额]) ,2)
FROM 基金份额持有人结构 t1
WHERE t1.[机构投资者持有的基金份额占总份额比例] > 70
AND t1.[截止日期] = '2017-06-30 00:00:00';","[(800, 1459905385388.85)]",2017年的中期报告中，机构投资者持有的份额占比超过70%的基金有800只，他们总共持有了1459905385388.85份。
*,请问2015年二季度有多少家基金是净申购?它们的净申购份额加起来是多少?请四舍五入保留小数点两位。,"SELECT COUNT(DISTINCT t1.[基金代码]), ROUND(SUM(t1.[报告期期末基金总份额] - t1.[报告期期初基金总份额]),2)
FROM 基金规模变动表 t1
WHERE t1.[截止日期] = '2015-06-30 00:00:00'
AND t1.[报告期期末基金总份额] > t1.[报告期期初基金总份额];","[(1516, 384235026323.63)]",2015年二季度有1516家基金是净申购，它们的净申购份额加起来是384235026323.63份。
*,我想知道双子塔大厦保险ETF联接C在2020年Q3的季报中，该基金的第1大重仓股的代码是什么?,"SELECT t1.[股票代码], t1.[股票名称]
FROM 基金股票持仓明细 t1
WHERE t1.[基金简称] = '双子塔大厦保险ETF联接C' 
AND t1.[持仓日期] = '20200930'
AND t1.[第N大重仓股] = '1'
AND t1.[报告类型] = '季报';","[('100875', '新街口外')]",双子塔大厦保险ETF联接C在2020年Q3的季报中，该基金的第1大重仓股的代码是100875，股票简称是新街口外。
*,20181127日，请给出火之国木叶村12个月持有期债券C基金的管理人和单位净值。单位净值保留两位小数。,"SELECT t1.[管理人], ROUND(t2.[累计单位净值],2)
FROM 基金基本信息 t1
JOIN 基金日行情表 t2 ON t1.[基金代码] = t2.[基金代码]
WHERE t2.[交易日期] = '20181127' 
AND t1.[基金简称] = '火之国木叶村12个月持有期债券C';","[('千手柱间基金管理有限公司', 1.0)]",20181127日，请给出火之国木叶村12个月持有期债券C基金的管理人是千手柱间基金管理有限公司，单位净值是1.0元。
*,"请查询：2020年6月年报(含半年报),持有20彩虹小马CD073且是前10大重仓股的基金有几个？","SELECT COUNT(DISTINCT t1.[基金代码]) 
FROM 基金债券持仓明细 t1
WHERE t1.[持仓日期] = '20200630' 
AND t1.[债券名称] = '20彩虹小马CD073'
AND t1.[第N大重仓股] <= 10
AND t1.[报告类型] = '年报(含半年报)';","[(1,)]","2020年6月年报(含半年报),持有20彩虹小马CD073且是前10大重仓股的基金有1个。"
*,在2018年的中期报告里，火之国木叶村有限公司管理的基金中，有多少比例的基金是个人投资者持有的份额超过机构投资者？能否得到一个精确到两位小数的百分比。,"SELECT ROUND(CAST(SUM(t2.[机构投资者持有的基金份额] < t2.[个人投资者持有的基金份额])*100 AS FLOAT)/COUNT(DISTINCT t1.[基金代码]),2)
FROM 基金基本信息 t1
JOIN 基金份额持有人结构 t2 ON t1.[基金代码] = t2.[基金代码]
WHERE t1.[管理人] = '火之国木叶村有限公司'
AND t2.[报告类型] = '中期报告'
AND t2.[定期报告所属年度] = '2018';","[(50.0,)]",在2018年的中期报告里，火之国木叶村有限公司管理的基金中，有50.00%的比例的基金是个人投资者持有的份额超过机构投资者。
*,"我想了解羊村喜羊羊主题债券J基金,在2021年二季度的季报第6大重股。该持仓股票当个季度的涨跌幅?请四舍五入保留百分比到小数点两位。","SELECT t0.[股票代码],t0.[股票名称], ROUND(当期涨跌幅,2)
FROM 基金股票持仓明细 t0
JOIN(
SELECT t3.[股票代码], ([期末价]/[期初价] - 1)*100 AS 当期涨跌幅
FROM (
SELECT t1.[股票代码],t1.[收盘价(元)] AS [期末价],t1.[交易日]
FROM (SELECT * FROM A股票日行情表
UNION SELECT * FROM 港股票日行情表) t1
JOIN(
SELECT MAX(t2.[交易日]) AS 最后一天
FROM A股票日行情表 t2
WHERE t2.[交易日] >= '20210401'
AND t2.[交易日] <= '20210630' )
WHERE t1.[交易日] = 最后一天) t3
JOIN(
SELECT t1.[股票代码],t1.[昨收盘(元)] AS [期初价],t1.[交易日]
FROM (SELECT * FROM A股票日行情表
UNION SELECT * FROM 港股票日行情表) t1
JOIN(
SELECT MIN(t2.[交易日]) AS 第一天
FROM A股票日行情表 t2
WHERE t2.[交易日] >= '20210401'
AND t2.[交易日] <= '20210630' )
WHERE t1.[交易日] = 第一天) t4 
ON t3.[股票代码] = t4.[股票代码]) t1 ON t0.[股票代码] = t1.[股票代码]
WHERE t0.[基金简称] = '羊村喜羊羊主题债券J' 
AND t0.[第N大重仓股] = '6'
AND t0.[持仓日期] = '20210630'
AND t0.[报告类型] = '季报';","[('071415', '寅子直播', 888.888)]",在2021年二季度的季报中，羊村喜羊羊主题债券J基金的第5大重仓股的简称是寅子直播，股票代码代码为071415。该股票当季度涨跌幅为888.89%
*,亚顿之矛债券基金在20211231的季报里，前三大持仓占比的债券名称是什么?,"SELECT DISTINCT(t1.[债券名称])
FROM 基金债券持仓明细 t1
WHERE t1.[第N大重仓股] <= '3'
AND t1.[持仓日期] = '20211231'
AND t1.[基金简称] = '亚顿之矛债券'
AND t1.[报告类型] = '季报';","[('H20世茂6',), ('21农发01',), ('21国开06',)]",亚顿之矛债券基金在20211231的季报里，前三大持仓占比的债券名称是H20世茂6，21农发01和21国开06。
*,亚顿之矛债券基金在20180930的季报里，前三大持仓占比的可转债对应股票代码是什么?,"SELECT DISTINCT(t1.[对应股票代码])
FROM 基金可转债持仓明细 t1
WHERE t1.[第N大重仓股] <= '3'
AND t1.[持仓日期] = '20180930'
AND t1.[基金简称] = '亚顿之矛债券'
AND t1.[报告类型] = '季报';","[('114514',), ('162105',), ('071415',)]",亚顿之矛债券基金在20180930的季报里，前三大持仓占比的可转债对应股票代码是114514，162105和071415。
*,魔仙堡木叶村混合A基金在20221231且报告类型是年报(含半年报)的持债市值中，哪类债券市值最高？,"SELECT t1.[债券类型]
FROM 基金债券持仓明细 t1
WHERE t1.[基金简称] = '魔仙堡木叶村混合A' 
AND t1.[持仓日期] = '20221231' 
AND t1.[报告类型] = '年报(含半年报)'
GROUP BY t1.[债券类型]
ORDER BY SUM(t1.[持债市值]) DESC
LIMIT 1;","[('超短期融资券',)]",魔仙堡木叶村混合A基金在20221231且报告类型是年报(含半年报)的持债市值中，超短期融资券债券市值最高。
*,请帮我查询出20201026日，蟹黄堡制造一级行业涨幅超过3%（不包含）的股票数量。,"SELECT COUNT(DISTINCT t1.[股票代码]) 
FROM A股票日行情表 t1 
JOIN (
SELECT *
FROM A股公司行业划分表 t2
WHERE t2.[交易日期] = '20201026' 
AND t2.[一级行业名称] = '蟹黄堡制造' 
) t2 ON t1.[股票代码] = t2.[股票代码] 
WHERE t1.[交易日] = '20201026' 
AND (t1.[收盘价(元)] - t1.[昨收盘(元)]) / t1.[昨收盘(元)] * 100 > 3;","[(6,)]",20201026日，蟹黄堡制造一级行业涨幅超过3%（不包含）的股票数量为6。
*,我想知道阿猫阿狗可转债C基金在20180930的季报中，其可转债持仓占比最大的是哪个行业？用申万一级行业来统计。,"SELECT t2.[一级行业名称]
FROM 基金可转债持仓明细 t1
JOIN A股公司行业划分表 t2 ON t1.[对应股票代码] = t2.[股票代码] AND t1.[持仓日期] = t2.[交易日期]
WHERE t1.[基金简称] = '阿猫阿狗可转债C' 
AND t2.[行业划分标准] = '申万行业分类'
AND t1.[持仓日期] = '20180930'
AND t1.[报告类型] = '季报'
GROUP BY t2.[一级行业名称]
ORDER BY SUM(t1.[市值占基金资产净值比]) DESC
LIMIT 1;","[('食品饮料',)]",用申万一级业来统计，阿猫阿狗可转债C基金在20180930的季报中，其可转债持仓占比最大的是食品饮料行业。
*,"请帮我查询下，在20190612，中信行业分类里一级行业为地嗪开采行业的所有股票里, 成交金额(元)最多的股票的代码是什么？成交金额是多少？","SELECT t1.[股票代码], t1.[成交金额(元)]
FROM A股票日行情表 t1
JOIN A股公司行业划分表 t2 ON t1.[股票代码] = t2.[股票代码] 
AND t1.[交易日] = t2.[交易日期]
WHERE t1.[交易日] = '20190612'
AND t2.[行业划分标准] = '中信行业分类'
AND t2.[一级行业名称] = '地嗪开采'
ORDER BY t1.[成交金额(元)] DESC
LIMIT 1;","[('100875', 2387414241.0)]","在20190612，中信行业分类里一级行业为地嗪开采行业的所有股票里, 成交金额(元)最多的股票的代码是100875，成交金额是2387414241.0元。"
*,"我想了解喜羊羊综合优秀增长A基金,在2017年三季度的季报第5大重股。该持仓股票当个季度的涨跌幅?请四舍五入保留百分比到小数点两位。","SELECT t0.[股票代码], t0.[股票名称],当期涨跌幅
FROM 基金股票持仓明细 t0
JOIN(
SELECT t3.[股票代码], ([期末价]/[期初价] - 1)*100 AS 当期涨跌幅
FROM (
SELECT t1.[股票代码],t1.[收盘价(元)] AS [期末价],t1.[交易日]
FROM (SELECT * FROM A股票日行情表
UNION SELECT * FROM 港股票日行情表) t1
JOIN(
SELECT MAX(t2.[交易日]) AS 最后一天
FROM A股票日行情表 t2
WHERE t2.[交易日] >= '20170701'
AND t2.[交易日] <= '20210930' )
WHERE t1.[交易日] = 最后一天) t3
JOIN(
SELECT t1.[股票代码],t1.[昨收盘(元)] AS [期初价],t1.[交易日]
FROM (SELECT * FROM A股票日行情表
UNION SELECT * FROM 港股票日行情表) t1
JOIN(
SELECT MIN(t2.[交易日]) AS 第一天
FROM A股票日行情表 t2
WHERE t2.[交易日] >= '20170701'
AND t2.[交易日] <= '20210930' )
WHERE t1.[交易日] = 第一天) t4 
ON t3.[股票代码] = t4.[股票代码]) t1 ON t0.[股票代码] = t1.[股票代码]
WHERE t0.[基金简称] = '喜羊羊综合优秀增长A' 
AND t0.[第N大重仓股] = '5'
AND t0.[持仓日期] = '20170930'
AND t0.[报告类型] = '季报';","[('162105', '统计学人', 56.18)]",在2017年三季度的季报中，喜羊羊综合优秀增长A基金的第5大重仓股的简称是统计学人，股票代码代码为162105。该股票当季度涨跌幅为56.18%
*,请查询在20161124日期，申万行业分类下彩虹小马饲养一级行业中，当日收盘价波动最大（即最高价与最低价之差最大）的股票代码是什么？,"SELECT t1.[股票代码]
FROM A股票日行情表 t1
JOIN A股公司行业划分表 t2 ON t1.[股票代码] = t2.[股票代码] AND t1.[交易日] = t2.[交易日期]
WHERE t1.[交易日] = '20161124'
AND t2.[行业划分标准] = '申万行业分类'
AND t2.[一级行业名称] = '彩虹小马饲养'
ORDER BY (t1.[最高价(元)] - t1.[最低价(元)]) DESC
LIMIT 1;","[('071415',)]",在20161124日期，申万行业分类下彩虹小马饲养一级行业中，当日收盘价波动最大（即最高价与最低价之差最大）的股票代码是071415。
*,狗不理基金管理有限公司管理的其他型产品的数量有多少?,"SELECT COUNT(DISTINCT t1.[基金代码])
FROM 基金基本信息 t1
WHERE t1.[管理人] = '狗不理基金管理有限公司' 
AND t1.[基金类型] = '其他型';","[(25,)]",狗不理基金管理有限公司管理的其他型产品的数量是25只。
*,20151110日，请给出重建萨古拉斯概念C基金的管理人和累计单位净值。,"SELECT t1.[管理人], t2.[累计单位净值]
FROM 基金基本信息 t1
JOIN 基金日行情表 t2 ON t1.[基金代码] = t2.[基金代码]
WHERE t2.[交易日期] = '20151110' 
AND t1.[基金简称] = '重建萨古拉斯概念C';","[('暗影卫队基金管理有限公司', 1.0442)]",20151110日，重建萨古拉斯概念C基金的管理人是暗影卫队基金管理有限公司，累计单位净值是1.0442元。
*,我想知道股票071415在中信行业分类下的二级行业是什么？用最新的数据。,"SELECT t1.[二级行业名称]
FROM A股公司行业划分表 t1
WHERE t1.[股票代码] = '071415' AND t1.[行业划分标准] = '中信行业分类'
ORDER BY [交易日期] DESC
LIMIT 1;","[('石油化工',)]",根据最新数据，股票071415在申万行业分类下的二级行业是石油化工。
*,"帮我算一下在20181111,代码为114514的A股日价格振幅是多少，小数点后保留不超过3位。","SELECT ROUND(t1.[最高价(元)] - t1.[最低价(元)],3) AS 日价格振幅
FROM (SELECT * FROM A股票日行情表
UNION SELECT * FROM 港股票日行情表) t1
WHERE t1.[股票代码] = '114514' 
AND t1.[交易日] = '20181111';","[(0.02,)]",在20181111，代码为114514的A股日价格振幅是0.020元。
*,请帮我查询在截止2014-09-30的报告期间，基金总份额升高的基金数量是多少？,"SELECT COUNT(DISTINCT t1.[基金代码])
FROM 基金规模变动表 t1
WHERE t1.[截止日期] = '2014-09-30 00:00:00' 
AND t1.[报告期期末基金总份额] > t1.[报告期期初基金总份额];","[(853,)]",在截止2014-09-30的报告期间，基金总份额升高的基金数量是853只。
*,在2018年12月年报(含半年报)中，火影精选ETF基金持有市值最多的前10只股票中，所在证券市场是上海证券交易所的有几个？,"SELECT COUNT(DISTINCT t1.[股票代码])
FROM 基金股票持仓明细 t1
WHERE t1.[基金简称] = '火影精选ETF' 
AND t1.[持仓日期] = '20181231' 
AND t1.[第N大重仓股] <= 10 
AND t1.[报告类型] = '年报(含半年报)'
AND t1.[所在证券市场] = '上海证券交易所';","[(4,)]",在2018年12月年报(含半年报)中，火影精选ETF基金持有市值最多的前10只股票中，所在证券市场是上海证券交易所的有4个。
*,请帮我查询下，在2015年Q3季报报告中，071415基金的第三大重仓股票同期还有多少只基金也进行了持仓？,"SELECT COUNT(DISTINCT t1.[基金代码])-1 
FROM 基金股票持仓明细 t1
JOIN (
SELECT t2.[股票代码] AS 目标股票
FROM 基金股票持仓明细 t2
WHERE t2.[基金代码] = '071415'
AND t2.[持仓日期] = '20150930'
AND t2.[第N大重仓股] = 3
AND t2.[报告类型] = '季报'
) t3 ON t1.[股票代码] = t3.[目标股票]
WHERE t1.[持仓日期] = '20150930'
AND t1.[报告类型] = '季报';","[(18,)]",在2015年Q3季报报告中，071415基金的第三大重仓股票同期还有18只基金也进行了持仓。
*,在20220618，按照申万行业分类的行业划分标准，哪个一级行业的A股公司数量最少？,"SELECT t1.[一级行业名称], COUNT(t1.[股票代码]) as 股票数量
FROM A股公司行业划分表 t1
WHERE t1.[行业划分标准] = '申万行业分类' 
AND t1.[交易日期] = '20220618'
GROUP BY t1.[一级行业名称]
ORDER BY 股票数量 ASC
LIMIT 1;","[('黑曜石供应', 11)]",在20170423，按照申万行业分类的行业划分标准，黑曜石供应的一级行业的A股公司数量最多，为11家。
*,20221024港股上涨的股票家数有多少家?,"SELECT COUNT(DISTINCT t1.[股票代码]) 
FROM 港股票日行情表 t1
WHERE t1.[收盘价(元)] > t1.[昨收盘(元)] 
AND t1.[交易日] = '20221024';","[(1260,)]",20221024港股上涨的股票家数有1260家。
*,请帮我查询出20161111日，彩虹小马饲养一级行业跌幅超过5%（不包含）的股票数量。,"SELECT COUNT(DISTINCT t1.[股票代码]) 
FROM A股票日行情表 t1 
JOIN (
SELECT *
FROM A股公司行业划分表 t2
WHERE t2.[交易日期] = '20161111' 
AND t2.[一级行业名称] = '彩虹小马饲养' 
) t2 ON t1.[股票代码] = t2.[股票代码] 
WHERE t1.[交易日] = '20161111' 
AND (t1.[收盘价(元)] - t1.[昨收盘(元)]) / t1.[昨收盘(元)] * 100 < -5;","[(5,)]",20161111日，彩虹小马饲养一级行业跌幅超过5%（不包含）的股票数量为5。
*,20161024日，一级行业为彩虹小马饲养的股票的成交金额合计是多少？取整。,"SELECT SUM(t1.[成交金额(元)])
FROM A股票日行情表 t1
JOIN A股公司行业划分表 t2 ON t1.[股票代码] = t2.[股票代码] AND t1.[交易日] = t2.[交易日期]
WHERE t1.[交易日] = '20161024'
AND t2.[一级行业名称] = '彩虹小马饲养';","[(116221778.04,)]",20161024日，一级行业为彩虹小马饲养的股票的成交金额合计是116221778元。
*,我想知道2018年的中期报告中，个人投资者持有的份额占比超过40%的基金有多少，并且他们总共持有了多少?记得帮我保留两位小数。,"SELECT COUNT(DISTINCT t1.[基金代码]),  ROUND(SUM(t1.[个人投资者持有的基金份额]) ,2)
FROM 基金份额持有人结构 t1
WHERE t1.[个人投资者持有的基金份额占总份额比例] > 40
AND t1.[截止日期] = '2018-06-30 00:00:00';","[(250, 412937208596.19)]",2018年的中期报告中，个人投资者持有的份额占比超过40%的基金有250只，他们总共持有了412937208596.19份。
*,请查询在2019年度，74514股票跌停天数？   解释：（收盘价/昨日收盘价-1）<=-9.8% 视作跌停,"SELECT COUNT(DISTINCT t1.[交易日])
FROM (SELECT * FROM A股票日行情表
UNION SELECT * FROM 港股票日行情表) t1
WHERE t1.[股票代码] = '74514'
AND t1.[交易日] >= '20190101' AND t1.[交易日] <= '20191231'
AND ((t1.[收盘价(元)] / t1.[昨收盘(元)]) - 1) * 100 <= -9.8;","[(26,)]",在2019年度，74514股票跌停天数是26天。
*,帮我查一下在2018年，代码为74514的股票今开盘低于昨收盘的天数？,"SELECT COUNT(DISTINCT t1.[交易日])
FROM (SELECT * FROM A股票日行情表
UNION SELECT * FROM 港股票日行情表) t1
WHERE t1.[今开盘(元)] < t1.[昨收盘(元)]
AND t1.[交易日] <= '20181231'
AND t1.[交易日] >= '20180101'
AND t1.[股票代码] = '74514'","[(190,)]",在2018年，代码为74514的股票今开盘高于昨收盘的天数是190天。
*,股票71415在20211105日期中的最高价是多少?（小数点保留3位）,"SELECT ROUND(t1.[最高价(元)],3)
FROM (SELECT * FROM A股票日行情表
UNION SELECT * FROM 港股票日行情表) t1
WHERE t1.[股票代码] = '71415' AND t1.[交易日] = '20211105';","[(6.27,)]",股票71415在20211105日期中的最高价是6.270元。
*,20180724A股下跌的股票家数有多少家?,"SELECT COUNT(DISTINCT t1.[股票代码]) 
FROM A股票日行情表 t1
WHERE t1.[收盘价(元)] < t1.[昨收盘(元)] 
AND t1.[交易日] = '20180724';","[(4442,)]",20180724A股下跌的股票家数有4442家。
