csv文件名,公司名称1,公司名称2,公司名称
044635429bd83e329c5047010121044e07568feb.PDF.csv,上海华铭智能终端设备股份有限公司,上海华铭智能终端设备股份有限公司,上海华铭智能终端设备股份有限公司
03c625c108ac0137f413dfd4136adb55c74b3805.PDF.csv,安徽黄山胶囊股份有限公司,安徽黄山胶囊股份有限公司,安徽黄山胶囊股份有限公司
07d29cd67ca8e0fc932e05178db1fcdca1cee937.PDF.csv,青岛银行股份有限公司 首次公开发行股票招股意向书,青岛银行股份有限公司,青岛银行股份有限公司
08538049ad1c7ca74c508bf95fe9fbbb4c924f3e.PDF.csv,海尔施生物医药股份有限公司,海尔施生物医药股份有限公司,海尔施生物医药股份有限公司
0b46f7a2d67b5b59ad67cafffa0e12a9f0837790.PDF.csv,武汉力源信息技术股份有限公司,武汉力源信息技术股份有限公司,武汉力源信息技术股份有限公司
11463b6562c6ba2afde67a29bca314452ea9a2e0.PDF.csv,招股意向书（封卷稿）,国电电力发展股份有限公司,国电电力发展股份有限公司
1af01c24b0957a1ab6d9262b93d7ccf7093f0529.PDF.csv,昇兴集团股份有限公司 首次公开发行股票招股意向书,昇兴集团股份有限公司,昇兴集团股份有限公司
2389de12d78fe1ca4fa24910e6b1573902098bc3.PDF.csv,深圳市铁汉生态环境股份有限公司,深圳市铁汉生态环境股份有限公司,深圳市铁汉生态环境股份有限公司
28560e1383141e35127388a3f0ca0e7b24919c17.PDF.csv,旷达汽车织物集团股份有限公司,旷达汽车织物集团股份有限公司,旷达汽车织物集团股份有限公司
334a4deb4169c220c7a89243a104f6874ce1996a.PDF.csv,浙江双飞无油轴承股份有限公司招股意向书,浙江双飞无油轴承股份有限公司,浙江双飞无油轴承股份有限公司
398c8e64f18a13e695b5956122ef2f6a6fd3b274.PDF.csv,上海真兰仪表科技股份有限公司,上海真兰仪表科技股份有限公司,上海真兰仪表科技股份有限公司
3e0ded8afa8f8aa952fd8179b109d6e67578c2dd.PDF.csv,华瑞电器股份有限公司,华瑞电器股份有限公司,华瑞电器股份有限公司
4170a3382f5e92d32890780d79cb39115a756f40.PDF.csv,中国铁路通信信号股份有限公司,中国铁路通信信号股份有限公司,中国铁路通信信号股份有限公司
421864a100b2b65568d0aa7e08bdc9e13e5c91d2.PDF.csv,东港安全印刷股份有限公司增发申请文件,东港安全印刷股份有限公司,东港安全印刷股份有限公司
42518828d97dd45ac34dc34a5814d18c1ebe9a83.PDF.csv,宁波立立电子股份有限公司 首次公开发行股票招股意向书,宁波立立电子股份有限公司,宁波立立电子股份有限公司
43571629ce9fb30b44ccefdca9f637102c16d1a2.PDF.csv,力生制药首次公开发行股票招股意向书,天津力生制药股份有限公司,天津力生制药股份有限公司
43f9d961f0885608850dec7f4284afdaf07bdc43.PDF.csv,深圳可立克科技股份有限公司,深圳可立克科技股份有限公司,深圳可立克科技股份有限公司
44850fcc20f00a48f5bca0ad4acde91d76b839d6.PDF.csv,西安启源机电装备股份有限公司,西安启源机电装备股份有限公司,西安启源机电装备股份有限公司
47d0efaf57fb6f5d66af5ecdc422dd1da99b6d95.PDF.csv,江苏天瑞仪器股份有限公司,,江苏天瑞仪器股份有限公司
4bc783ca9fd53beb4be3a79b1712d5e42be209e1.PDF.csv,北京天宜上佳高新材料股份有限公司,北京天宜上佳高新材料股份有限公司,北京天宜上佳高新材料股份有限公司
50b2823371fe1699d260f67cadac3d38af0672e3.PDF.csv,浙江富春江环保热电股份有限公司,浙江富春江环保热电股份有限公司,浙江富春江环保热电股份有限公司
52fd4a323d97356a463959671794e900699baae5.PDF.csv,深圳信立泰药业股份有限公司首次公开发行股票,深圳信立泰药业股份有限公司,深圳信立泰药业股份有限公司
54c7b3ab01ad11d37835a4464c9e4d68dfe6306f.PDF.csv,招股意向书,云南沃森生物技术股份有限公司,云南沃森生物技术股份有限公司
54d148902b889679830174597830f0d0f22c1073.PDF.csv,上海派能能源科技股份有限公司,,上海派能能源科技股份有限公司
5ad8119f0928b041ed0f0ecf3ef4164cd64ad57c.PDF.csv,上海宏英智能科技股份有限公司 首次公开发行股票并上市招股意向书,上海宏英智能科技股份有限公司,上海宏英智能科技股份有限公司
5c2707b186a798118bba251cce8d1fc331b5cbba.PDF.csv,科华恒盛招股意向书,厦门科华恒盛股份有限公司,厦门科华恒盛股份有限公司
5e019307c43efbd95dea0ab110808ebeba819776.PDF.csv,招股意向书,义乌华鼎锦纶股份有限公司,义乌华鼎锦纶股份有限公司
6c93724343cef6b9da70d51daa739e8a1c607a22.PDF.csv,招股意向书,珠海健帆生物科技股份有限公司,珠海健帆生物科技股份有限公司
6d2d79af9644ba5fef3b462fa40139c1395a3552.PDF.csv,深圳市超频三科技股份有限公司,深圳市超频三科技股份有限公司,深圳市超频三科技股份有限公司
72103a0ef6299585cdd09751682534d873f8e64e.PDF.csv,七星电子首次公开发行股票招股意向书 扉页,北京七星华创电子股份有限公司,北京七星华创电子股份有限公司
749dc57b0a41b931f3fbcff1ec4f808ff460655e.PDF.csv,威龙葡萄酒股份有限公司招股意向书,威龙葡萄酒股份有限公司,威龙葡萄酒股份有限公司
756171248e278806a56171d59c6519a38eac9012.PDF.csv,确成硅化学股份有限公司,确成硅化学股份有限公司,确成硅化学股份有限公司
79e9167d0336a9f471ab77dc04ec978fc4a89171.PDF.csv,大博医疗科技股份有限公司 首次公开发行股票招股意向书,大博医疗科技股份有限公司,大博医疗科技股份有限公司
7ee0d82749433aba584ff8eabfc1575580aa0d97.PDF.csv,深圳麦格米特电气股份有限公司,沈阳晶格自动化技术有限公司,沈阳晶格自动化技术有限公司
810d8681429537dbf20a437a6dbf08e34c1ece27.PDF.csv,浙江百达精工股份有限公司,浙江百达精工股份有限公司,浙江百达精工股份有限公司
88acba2e98dedd85fdd38192a639dbcc56faf3ed.PDF.csv,招股意向书,森赫电梯股份有限公司,森赫电梯股份有限公司
8c130bea710816d5ef9a8bd7b2df7ee46e9f40dd.PDF.csv,浙江开尔新材料股份有限公司首次公开发行股票并在创业板上市招股意向书,查阅地点浙江开尔新材料股份有限公司,浙江开尔新材料股份有限公司
8feb69d0cda9f9fbfb29968f9aeb4cbf1953edab.PDF.csv,首次公开发行股票招股意向书,瑞达期货股份有限公司,瑞达期货股份有限公司
91b4426b075560a1a45247f9cfa9fa73d56c945c.PDF.csv,广州中海达卫星导航技术股份有限公司,,广州中海达卫星导航技术股份有限公司
952121f38a5eece19cca7cdc39079b43438fad88.PDF.csv,浙江步森服饰股份有限公司招股意向书,浙江步森服饰股份有限公司,浙江步森服饰股份有限公司
96b461d6c6670928f7dc36f0c947e0c18340d5e2.PDF.csv,重大事项提示,湖南南岭民用爆破器材股份有限公司,湖南南岭民用爆破器材股份有限公司
9951262c20ed33562a2fff85c83aeae320f14922.PDF.csv,勤上光电招股意向书,东莞勤上光电股份有限公司,东莞勤上光电股份有限公司
9b877e7db4809637c56eea234eaddc74cb20f9da.PDF.csv,浙江亚厦装饰股份有限公司首次公开发行股票招股意向书,浙江亚厦装饰股份有限公司,浙江亚厦装饰股份有限公司
9c4a118cf576f91aed791fb6fe6926180e2dcc65.PDF.csv,招股意向书,南京中电联环保股份有限公司,南京中电联环保股份有限公司
9dca16666143beb8c15a6a4ba6ec2b19b2ffb8fb.PDF.csv,内蒙古君正能源化工股份有限公司 首次公开发行股票招股意向书,内蒙古君正能源化工股份有限公司,内蒙古君正能源化工股份有限公司
a0d278016e9baded15e0f5b3964563e525b1b787.PDF.csv,武汉兴图新科电子股份有限公司,武汉兴图新科电子股份有限公司,武汉兴图新科电子股份有限公司
a244b6ed9da7411f804e62b82a8fdfc015dff284.PDF.csv,,惠州光弘科技股份有限公司,惠州光弘科技股份有限公司
a6f8156c08a1096c46470a1c5e1229daaaedf06e.PDF.csv,厚普股份,成都华气厚普机电设备股份有限公司,成都华气厚普机电设备股份有限公司
ad2bf1b94db9ec7cb2689ace2daec396d2965dce.PDF.csv,招股意向书,厦门安妮股份有限公司,厦门安妮股份有限公司
afa8c5a4a91c3ecf7bd38a1c1f09b8a68e472909.PDF.csv,海看网络科技（山东）股份有限公司,海看网络科技（山东）股份有限公司,山东海看网络科技有限公司
b29a4948c1ba14e1a85f8339dd5bb0fcabadb171.PDF.csv,浙江贝因美科工贸股份有限公司招股意向书,浙江贝因美科工贸股份有限公司,浙江贝因美科工贸股份有限公司
b58b0a129b2c62ca8b295d40c91134df5d5e603d.PDF.csv,山东国瓷功能材料股份有限公司,山东国瓷功能材料股份有限公司,山东国瓷功能材料股份有限公司
b9587835ff0d27df936b1f623b412e88e5e3abad.PDF.csv,汉嘉设计集团股份有限公司 首次公开发行股票并在创业板上市招股意向书,汉嘉设计集团股份有限公司,汉嘉设计集团股份有限公司
b96b11328c7bdc32b63fd15b1d1f96759ed94add.PDF.csv,烟台杰瑞石油服务集团股份有限公司招股意向书,烟台杰瑞石油服务集团股份有限公司,烟台杰瑞石油服务集团股份有限公司
ba561001c2abd0714c413e2f6a77ffee58c644a6.PDF.csv,联化科技股份有限公司 首次公开发行股票招股意向书,联化科技股份有限公司,联化科技股份有限公司
bec898d3079074d88f8bdb34d7e07f072cfca695.PDF.csv,中国神华能源股份有限公司招股意向书,中国神华能源股份有限公司,中国神华能源股份有限公司
c0f513c24a7ad4d74a3e2aab7c749f64c50771d2.PDF.csv,海南双成药业股份有限公司,海南双成药业股份有限公司,海南双成药业股份有限公司
c3eae2913ce6c9f56c58a5588358740a00d47dd5.PDF.csv,新疆浩源天然气股份有限公司,新疆浩源天然气股份有限公司,新疆浩源天然气股份有限公司
c48b454b4d171ba375fb88a6469b0a1d7f4625c2.PDF.csv,浙江金卡高科技股份有限公司招股意向书,浙江金卡高科技股份有限公司,浙江金卡高科技股份有限公司
ca1191af7558e0f18966e4df589368a3a5f5e1e6.PDF.csv,青海互助青稞酒股份有限公司,青海互助青稞酒股份有限公司,青海互助青稞酒股份有限公司
cae2f50f92120710bea7cf31b69f1a14e7badeb6.PDF.csv,四川高金食品股份有限公司招股意向书,四川高金食品股份有限公司,四川高金食品股份有限公司
d1a73ca4a204ca3f98024bca8ce0652f5e1c1a94.PDF.csv,贵州永吉印务股份有限公司,贵州永吉印务股份有限公司,贵州永吉印务股份有限公司
d336d607e1d431cbfe1f313e2234a13fcf49a16e.PDF.csv,湖南国科微电子股份有限公司,湖南国科微电子股份有限公司,湖南国科微电子股份有限公司
d627620bedd94ea27c3840fa974cef3f7b582d03.PDF.csv,深圳市建筑科学研究院股份有限公司,深圳市建筑科学研究院股份有限公司,深圳市建筑科学研究院股份有限公司
d6867ff3ecf9882065e45612eaf7b33ccb9a95dc.PDF.csv,兰州海默科技股份有限公司,兰州海默科技股份有限公司,兰州海默科技股份有限公司
d6c70c04287ff6aba75b0565bef375469aaa68c3.PDF.csv,常熟风范电力设备股份有限公司,,常熟风范电力设备股份有限公司
e0a89442ee14a193c6600b0092a43a95a2ddab88.PDF.csv,华达汽车科技股份有限公司,华达汽车科技股份有限公司,华达汽车科技股份有限公司
e1e8e0551703f4a1f2873755ef46210b0889c5cd.PDF.csv,读者出版传媒股份有限公司首次公开发行股票并上市,读者出版传媒股份有限公司,读者出版传媒股份有限公司
e6ff749bb533a47173aaca91fe5d44080d9d37b3.PDF.csv,银禧科技,广东银禧科技股份有限公司,广东银禧科技股份有限公司
e774a06e6b4db734424f7d9181b9515a08bea6cc.PDF.csv,中钢集团安徽天源科技股份有限公司,中钢集团安徽天源科技股份有限公司,中钢集团安徽天源科技股份有限公司
edde146c2435590bc33de0f144c04a7d7bf4d5b5.PDF.csv,新疆金风科技股份有限公司首次公开发行股票招股意向书,新疆金风科技股份有限公司,新疆金风科技股份有限公司
eec23035376ae0e339a7643402fdbdccd92ad703.PDF.csv,湖南长远锂科股份有限公司,湖南长远锂科股份有限公司,湖南长远锂科股份有限公司
f0e86e33d654c797626767e660bb234ff469bee8.PDF.csv,大连派思燃气系统股份有限公司,大连派思燃气系统股份有限公司,大连派思燃气系统股份有限公司
f30bfe8be4ad535d348d74f80eaef8d93b3c8ac5.PDF.csv,上海维科精密模塑股份有限公司 首次公开发行股票并在创业板上市招股意向书,上海维科精密模塑股份有限公司,上海维科精密模塑股份有限公司
f587290218d881e18e88fc1431b022b2c5aca81a.PDF.csv,苏州东微半导体股份有限公司,苏州东微半导体股份有限公司,苏州东微半导体股份有限公司
f7a306fea164e32f1df88b7beb8ebba8f65dd7a1.PDF.csv,苏州海陆重工股份有限公司首次公开发行股票,苏州海陆重工股份有限公司,苏州海陆重工股份有限公司
f8fb28932337c061edb6f0a1b27f5a1f0ee0b957.PDF.csv,金石资源集团股份有限公司 首次公开发行A股股票招股意向书,金石资源集团股份有限公司,金石资源集团股份有限公司
f9e84ce0edd5279773b3ca1f36a9e39d6ceaf220.PDF.csv,杭州中恒电气股份有限公司,杭州中恒电气股份有限公司,杭州中恒电气股份有限公司
fa3eaf37dadb2a7495e3f774434f8347ce5c51c8.PDF.csv,北京银行股份有限公司 首次公开发行股票招股意向书,北京银行股份有限公司,北京银行股份有限公司
fb468fe2d4d474b9fb94952d881f2218a871779c.PDF.csv,招股意向书,江苏爱康太阳能科技股份有限公司,江苏爱康太阳能科技股份有限公司
